4675,H207530,100.0,SP/180,99.5,TI190720D,1
4676,H207530,50.0,SP/181,49.5,TI190720D,1
4759,H207531,10.0,CH271-35,10
4785,H207531,96.0,N264-F,32.0,TI190808B1,64
4812,H207531,5.0,CH271-50C SP/183,3.0,TI190801B1,2
4836,H207532,1.0,CH406-06 SN/03,1
4837,H207532,1.0,CH406-50 SN/03,1
4838,H207532,1.0,CH406-07 SN/03,1
4839,H207532,1.0,CH406-49 SN/03,1
4840,H207532,1.0,CH406-06 SN/03,1
4841,H207532,1.0,CH406-50 SN/03,1
4842,H207532,1.0,CH406-07 SN/03,1
4843,H207532,1.0,CH406-49 SN/03,1
4844,H207532,1.0,CH406-06 SN/03,1
4845,H207532,1.0,CH406-50 SN/03,1
4846,H207532,1.0,CH406-07 SN/03,1
4847,H207532,1.0,CH406-49 SN/03,1
4848,H207532,1.0,CH406-06 SN/56,1
4849,H207532,1.0,CH406-50 SN/56,1
4850,H207532,1.0,CH406-07 SN/56,1
4851,H207532,1.0,CH406-49 SN/56,1
4852,H207532,1.0,CH406-06 SN/56,1
4853,H207532,1.0,CH406-50 SN/56,1
4854,H207532,1.0,CH406-07 SN/56,1
4855,H207532,1.0,CH406-49 SN/56,1
4856,H207532,1.0,CH406-06 SN/56,1
4857,H207532,1.0,CH406-50 SN/56,1
4858,H207532,1.0,CH406-07 SN/56,1
4859,H207532,1.0,CH406-49 SN/56,1
4860,H207532,1.0,TF1083-03SET SN/02,1
4861,H207532,1.0,TF1083-03SET SN/01,1
4862,H207532,1.0,TF1083-03SET SN/02,1
4863,H207532,1.0,TF1083-03SET SN/01,1
4864,H207532,1.0,TF1083-03SET SN/02,1
4865,H207532,1.0,TF1083-03SET SN/01,1
4866,H207532,1.0,TF1057-06 DB SP/192,1
4867,H207532,1.0,TF1057-50 DB SP/192,1
4868,H207532,1.0,TF1057-07 DB SP/192,1
4869,H207532,1.0,TF1057-49 DB SP/192,1
4870,H207532,1.0,TF1057-06 DB SP/192,1
4871,H207532,1.0,TF1057-50 DB SP/192,1
4872,H207532,1.0,TF1057-07 DB SP/192,1
4873,H207532,1.0,TF1057-49 DB SP/192,1
4874,H207532,1.0,TF1057-06 DB SP/192,1
4875,H207532,1.0,TF1057-50 DB SP/192,1
4876,H207532,1.0,TF1057-07 DB SP/192,1
4877,H207532,1.0,TF1057-49 DB SP/192,1
4878,H207532,2.0,TF943B-03 DB ﾁﾘ25,2
4879,H207532,3.0,KY001-16F SP/197,3
4880,H207532,1.0,KY001-17F SP/197,1
4881,H207532,1.0,CH1070-17 SP/126N,1
4882,H207532,1.0,CH1070-03L SP/122N,1
4883,H207532,1.0,TF943B-06 DB SP/207,1
4884,H207532,1.0,TF943B-50 DB SP/207,1
4886,H207532,2.0,TF943B-06 DB ﾁﾘ25,2
4887,H207532,2.0,TF943B-50 DB ﾁﾘ25,2
4888,H207532,2.0,TF943B-07 DB ﾁﾘ25,2
4889,H207532,2.0,TF943B-49 DB ﾁﾘ25,2
4890,H207532,2.0,TF943B-07 DB ﾁﾘ17,2
4891,H207532,2.0,TF943B-49 DB ﾁﾘ17,2
4958,H207535,2.0,CH1070-03B,1.0,TI190808B2,1
5014,H207536,100.0,SP/183,96.8,TI190822A1,4
5099,H207531,1.0,CH261-03C SP/206,1
5100,H207531,1.0,CH261-17C SP/206,1
5104,H207530,2.0,CH1071N-03B+17B,2
5105,H207530,2.0,CH1071N-03C+17C SN/03,2
5106,H207530,1.0,メーターサンプル SP/209,1
5107,H207531,50.0,SP/126N,46.0,TI190808B1,4
5109,H207538,50.0,SP/183,48.3,TI190829B2,2
5110,H207538,3.0,CH232W-08B,3
5116,H207538,5.0,CH261-17B,5
5183,H207538,1.0,CH356-59C SP/192,1
5190,H207538,1.0,CH351-03C SN/03,1
5193,H207538,1.0,CH261-03C SP/196,1
5194,H207538,1.0,CH261-17C SP/196,1
5195,H207538,2.0,CH356-59C SP/196,2
5196,H207540,1.0,LH03-17LC HE282/12,1
5197,H207539,8.0,T521-503,8
5199,H207555,100.0,SP/183,100
5236,H207542,516.0,N528-F,120.0,TI190829B1,240.0,TI190905A1,152.0,TI190926B1,4
5285,H207542,1.0,CH261-17C SP/126N SP/122N,1
5286,H207542,1.0,CH261-03C SP/126N SP/122N,1
5309,H207529,1.0,HF-14M IC,1
5310,H207529,1.0,HF-14M OC,1
5313,H207531,18.0,HF-10M IC,17.0,TI190801B1,1
5314,H207531,18.0,HF-10M OC,17.0,TI190801B1,1
5329,H207542,177.0,N528-F,177
5330,H207542,32.0,N264-F,32
5332,H207542,1.0,CH1069-59B,1
5333,H207542,1.0,CH1070-17B,1
5336,H207542,1.0,CH1070-03LC SP/183,1
5337,H207542,1.0,CH1070-03C SP/180,1
5338,H207542,1.0,CH1070-03LC SP/183,1
5339,H207542,1.0,CH271-03C SP/180,1
5340,H207542,1.0,CH232W-09C SN/03,1
5341,H207542,1.0,CH232W-50C SN/01,1
5342,H207542,1.0,CH271-03C SP/183,1
5343,H207542,1.0,CH232W-35C SP/180,1
5344,H207542,1.0,CH271-17C SP/181,1
5345,H207542,1.0,CH271-03C SP/180,1
5346,H207542,1.0,CH271-50C SN/03,1
5347,H207542,1.0,CH232W-50C SP/126N,1
5348,H207542,1.0,CH271-17C SP/183,1
5407,H207544,1.0,CH1099-3PSET SP/180,1
5408,H207544,1.0,CH1099-3PSET SP/180,1
5409,H207544,3.0,CH1099-3PSET SP/181,3
5410,H207544,2.0,CH1099-3PSET SP/181,2
5411,H207544,4.0,CH1100-3P SP/206,4
5412,H207544,4.0,CH1100-HR SP/206,4
5413,H207544,1.0,CH1101-3PLSET SN/02,1
5414,H207544,5.0,CH1101-3PLSET SN/02,5
5415,H207544,3.0,CH1101-3PLSET SN/02,3
5416,H207544,2.0,CH1101-3PLSET SN/02,2
5417,H207544,2.0,CH1101-3PLSET SN/02,2
5418,H207544,1.0,CH1101-3PLSET SN/02,1
5419,H207544,1.0,CH907-07 SP/183,1
5420,H207544,1.0,CH907-49 SP/183,1
5421,H207544,5.0,CH907-07 SP/183,5
5422,H207544,5.0,CH907-49 SP/183,5
5423,H207544,3.0,CH907-07 SP/183,3
5424,H207544,3.0,CH907-49 SP/183,3
5425,H207544,1.0,CH907-07 SP/180,1
5426,H207544,1.0,CH907-49 SP/180,1
5427,H207544,2.0,CH907-06 SP/183,2
5428,H207544,2.0,CH907-50 SP/183,2
5429,H207544,3.0,CH907-06 SP/183,3
5430,H207544,3.0,CH907-50 SP/183,3
5431,H207544,1.0,CH907-06 SP/183,1
5432,H207544,1.0,CH907-50 SP/183,1
5433,H207544,1.0,CH907-06 SP/180,1
5434,H207544,1.0,CH907-50 SP/180,1
5435,H207544,1.0,NIC1068N-038SET DB SN/03,1
5436,H207544,1.0,CH1099-3PSET SP/183,1
5437,H207545,9.0,CH1021-180 VANQ-03,9
5438,H207545,3.0,CH1021-200 SIZA-GY,3
5439,H207545,20.0,CH1021 NA,20
5441,H207545,3.0,CH931EO-3S BAND ITBD03,3
5442,H207545,3.0,CH931EO-3S LEON -CUGY,3
5443,H207545,5.0,FJ001-2.5P SP/180,5
5444,H207545,5.0,FJ002-2.5P SP/180,5
5445,H207545,4.0,FJ003-2.5PL SN/02,4
5446,H207545,4.0,FJ003-2.5PR SN/02,4
5447,H207545,4.0,FS232-08 SN/03,4
5448,H207545,4.0,FS232-50 SN/03,4
5449,H207545,8.0,IL715EO-2.5P SIZA-GY,8
5451,H207555,50.0,SP/183,50
5490,H207548,10.0,CH271-03C SP/183,10
5491,H207555,1.0,CH271-42C SP/183,1
5516,H207555,1.0,CH232W-09 SP/183,1
5517,H207555,1.0,CH232W-49 SP/183,1
5529,H207547,1.0,LH03-02 HSQ9053Z/03 用背クッションのみ,1
5530,H207545,200.0,布地サンプル(10cm x 10cm) SN/02,200
5531,H207545,200.0,布地サンプル(10cm x 10cm) SP/180,200
5532,H207548,50.0,SP/126N,45.7,TI191130D2,5
5533,H207548,50.0,SP/180,48.3,TI190919A1,2
5613,H207548,3.0,KY001-16F SP/183,3
5614,H207548,2.0,KY001-17F SP/183,2
5615,H207548,3.0,TF943B-03 DB ﾁﾘ17,3
5625,H207552,1.0,LH03-06用背クッションヌード,1
5626,H207552,1.0,LH03-731用 背クッションヌード,1
5627,H207553,1.0,CH271-50C SP/207,1
5628,H207553,1.0,CH271-08C SP/207,1
5629,H207553,2.0,CH271-37C SP/207,2
5630,H207553,2.0,CH271-35C SP/197,2
5631,H207554,1.0,CH272-032+17 SP/207,1
5632,H207555,50.0,SP/126N,47.8,TI191212B,3
5633,H207555,50.0,SP/180,47.5,TI190919A1,3
5634,H207555,100.0,SP/181,98.8,TI191024B,2
5720,H207555,1.0,CH1070-17C SP/183,1
5747,H207555,1.0,CH232W-35 SP/191,1
5753,H207555,1.0,CH907-49 SP/126N,1
5755,H207555,1.0,CH907-07 SP/126N,1
5892,H207556,2.0,CH261-02L SP/192 SP/196,2
5893,H207556,6.0,CH261KF-03LSET SP/192 SP/196,6
5894,H207556,1.0,CH261KF-03LSET SP/190 SP/196,1
5895,H207556,1.0,CH271-35 SP/180,1
5896,H207556,1.0,CH271-35 SP/192,1
5897,H207556,1.0,CH271E-03 SP/192,1
5898,H207556,2.0,TF1083-03SET SN/01,2
5899,H207556,1.0,TF1089-3P SP/207,1
5900,H207556,1.0,TF1089-0.5P SP/207,1
5901,H207557,1.0,LH03-731 SD426/17,1
5902,H207557,2.0,LH03LEG-L,2
5903,H207557,1.0,LH03-06 SD426/17,1
5904,H207557,1.0,TF943B-07 DB SP/126N,1
5905,H207557,1.0,TF943B-49 DB SP/126N,1
5906,H207557,1.0,TF943B-06 DB SP/122N,1
5907,H207557,1.0,TF943B-50 DB SP/122N,1
5908,H207557,1.0,CH271E-49 SP/196,1
5909,H207557,1.0,CH271E-09 SP/196,1
5910,H207557,1.0,CH1069-59 SP/196,1
5911,H207557,1.0,CH1069-03 SP/196,1
5912,H207557,1.0,CH1070-17 SP/196,1
5913,H207557,3.0,TF1057-06 DB SP/192,3
5914,H207557,3.0,TF1057-50 DB SP/192,3
5915,H207557,3.0,TF1057-07 DB SP/192,3
5916,H207557,3.0,TF1057-49 DB SP/192,3
5917,H207557,3.0,TF1083-03SET SN/02,3
5918,H207557,3.0,TF1083-03SET SN/01,3
5919,H207557,4.0,TF943B-49 DB ﾁﾘ17,4
5920,H207557,4.0,TF943B-06 DB ﾁﾘ17,4
5921,H207557,2.0,TF943B-03 DB ﾁﾘ25,2
5922,H207557,4.0,TF943B-50 DB ﾁﾘ17,4
5923,H207557,4.0,TF943B-07 DB ﾁﾘ17,4
5927,H207558,1.0,CH1070-03 SP/183,1
5928,H207558,1.0,CH1071N-03SET DB SP/181,1
5929,H207558,1.0,CH1071N-03SET DB SN/02,1
5930,H207558,1.0,CH271E-17 SP/209,1
5931,H207558,1.0,CH1071N-03SET DB SP/196,1
5932,H207558,1.0,CH1071N-03SET DB SP/209,1
5933,H207558,1.0,CH232W-35 SP/206,1
5934,H207558,1.0,CH1070-03L SP/183,1
5935,H207558,1.0,CH271E-09 SP/209,1
5936,H207558,1.0,CH271E-49 SP/209,1
5937,H207558,4.0,CH271-35 SP/206,4
5938,H207558,5.0,CH250-02 SP/206,5
5939,H207558,2.0,CH250-17 SP/206,2
5940,H207558,5.0,CH250-35 SP/183,5
5941,H207558,3.0,CHY039-14F SP/183,3
5942,H207558,1.0,CH232W-37 SP/183,1
5943,H207558,1.0,CH232W-49 SP/183,1
5944,H207558,2.0,CH232W-35 SP/183,2
5945,H207558,1.0,CH232W-07 SP/183,1
5955,H207560,150.0,CE-72W79H,38.0,TI191031B1,38.0,TI191107B3,20.0,TI191123C2,30.0,TI191226B,2.0,TI200123C1,22
5959,H207560,62.0,CE-720W79D,43.0,TI191107B1,15.0,TI200111C,4
6030,H207562,50.0,SN/02,47.2,TI191017B,3
6106,H207562,2.0,LH03LEG-L,2
6188,H207564,100.0,N666LEG-NA,50.0,TI191226B,50
6231,H207564,1.0,LH03-17 HSQ9053Z/21,1
6249,H207564,1.0,CH232W-49C ｻSP/126N,1
6251,H207564,1.0,LH03LEG-L,1
6261,H207548,1.0,LH03LEG-L,1
6363,H207567,3.0,CH271-08C SP/183,3
6364,H207567,5.0,CH271-09C SP/183,5
6366,H207567,5.0,CH271-50C SP/183,5
6372,H207567,3.0,CH1072-20SET SP/207,1.0,TI191031B2,2
6373,H207568,1.0,CH1070-03LC SP/183,1
6374,H207568,1.0,CH1070-17C SP/183,1
6375,H207569,1.0,CH1122-1RC SN/02,1
6376,H207569,1.0,CH1122-1NC SN/02,1
6377,H207569,1.0,CH1122-0.5PC SN/03,1
6378,H207569,2.0,CH1122用連結ジョイント,2
6379,H207569,1.0,CH1092-1NC SP/183,1
6380,H207569,1.0,CH1092-11NC SP/183,1
6381,H207569,1.0,CH1092-0.5C SP/183,1
6382,H207569,1.0,CH1092-0.6PC SP/180,1
6383,H207569,1.0,CH1092-腰クッション SP/180,1
6384,H207569,1.0,CH1092-腰クッションC SP/183,1
6385,H207570,1.0,CH1071N-03C SN/02 ボディー部のみ,1
6386,H207564,200.0,布地サンプル(10cm x 10cm) VANQ-01 ｳﾞｧﾆﾗ,200
6387,H207564,200.0,布地サンプル(10cm x 10cm) VANQ-03 ﾁｬｲ,200
6388,H207564,200.0,布地サンプル(10cm x 10cm) SIZA-GY ｸｰﾙｸﾞﾚｰ,200
6389,H207564,100.0,布地サンプル(10cm x 10cm) BANDITBD03 ﾐｯｸｽﾍﾞｰｼﾞｭ,100
6390,H207564,200.0,布地サンプル(10cm x 10cm) LEON-CUGY ﾈｰﾛ,200
6391,H207564,200.0,布地サンプル(10cm x 10cm) SN-03 ｼｭｶﾞｰﾍﾞｰｼﾞｭ,200
6392,H207564,3.0,CH1021(ｴﾚﾅ)用 取付ボルト一式,3
6393,H207564,3.0,IL715EO(ﾏｯﾃｨｵ)用 取付ボルト一式,3
6394,H207564,6.0,FJ001-FJ003用 取付ボルト一式,6
6395,H207571,50.0,LH03LEG-L,50
6427,H207572,3.0,TF943B-03 DB SP/192 SP/196,3
6428,H207572,1.0,TF943B-17 DB SP/192 SP/196,1
6429,H207572,2.0,CH271-35 SP/180,2
6430,H207572,1.0,TF1089-3P SP/198,1
6431,H207572,1.0,TF1089-0.5P SP/198,1
6432,H207572,2.0,TF1083-03SET SN/02,2
6433,H207572,1.0,CH261KF-03LSET SP/192,1
6434,H207572,2.0,CH356-59 SP/192,2
6435,H207572,1.0,CH261-03+17 SP/192 SP/196,1
6436,H207572,1.0,CH261-02L SP/192 SP/196,1
6437,H207572,1.0,CH261-17 SP/192 SP/196,1
6438,H207572,1.0,CH271-35 SP/181,1
6439,H207572,1.0,CH261KF-03LSET SP/207 SP/196,1
6440,H207572,1.0,CH261KF-03LSET SP/126N,1
6441,H207572,1.0,CH356-59 SP/207,1
6442,H207572,2.0,CH261KF-03LSET SP/192 SP/196,2
6443,H207572,1.0,TF943B-03 DB SP/192 SP/196,1
6444,H207572,1.0,TF943B-17 DB SP/192 SP/196,1
6445,H207572,1.0,CH261KF-03LSET SP/192 SP/196,1
6446,H207572,2.0,CH356-59 SP/192,2
6447,H207573,2.0,CH1099-3PSET SP/180,2
6448,H207573,5.0,CH1099-3PSET SP/181,5
6449,H207573,1.0,CH1099-3PSET SN/02,1
6450,H207573,4.0,CH1100-3P SP/209,4
6451,H207573,4.0,CH1100-HR SP/209,4
6452,H207573,2.0,CH1100-0.5P SP/209,2
6453,H207573,3.0,CH1100-3P SP/207,3
6454,H207573,3.0,CH1100-HR SP/207,3
6455,H207573,2.0,CH1100-0.5P SP/207,2
6456,H207573,2.0,CH1100-3P SP/206,2
6457,H207573,2.0,CH1100-HR SP/206,2
6458,H207573,6.0,CH1101-3PLSET SN/02,6
6459,H207573,4.0,CH1101-3PRSET SN/02,4
6460,H207573,1.0,CH907-07 SP/183,1
6461,H207573,1.0,CH907-49 SP/183,1
6462,H207573,5.0,CH907-06 SP/183,5
6463,H207573,5.0,CH907-50 SP/183,5
6464,H207573,2.0,CH907-06 SP/180,2
6465,H207573,2.0,CH907-50 SP/180,2
6466,H207573,4.0,CH907-06 SP/209 SP/207,4
6467,H207573,4.0,CH907-50 SP/209 SP/207,4
6468,H207573,1.0,CH907-07 SP/209 SP/207,1
6469,H207573,1.0,CH907-49 SP/209 SP/207,1
6470,H207573,2.0,NIC1068N-038SET DB SN/02,2
6471,H207573,1.0,NIC1068N-039SET DB SN/01,1
6481,H207574,3.0,CH931EO-3S BAND ITBD03,3
6482,H207574,4.0,CH931EO-3S LEON -CUGY,4
6500,H207575,3.0,KY001-16F SP/183,3
6501,H207575,2.0,KY001-17F SP/197,2
6502,H207575,12.0,TF943B-49 DB ﾁﾘ17,12
6503,H207575,13.0,TF943B-06 DB ﾁﾘ17,13
6504,H207575,13.0,TF943B-50 DB ﾁﾘ17,13
6505,H207575,12.0,TF943B-07 DB ﾁﾘ17,12
6506,H207575,1.0,TF943B-06 DB SP/207,1
6507,H207575,1.0,TF943B-50 DB SP/207,1
6508,H207575,1.0,LH03-03 HSQ9066/07,1
6509,H207575,1.0,LH03LEG-L,1
6510,H207575,1.0,TF943B-06 DB SP/184,1
6511,H207575,1.0,TF943B-50 DB SP/184,1
6512,H207575,1.0,TF943B-17 DB SP/184,1
6605,H207576,1.0,CH271-37 SP/209,1
6609,H207576,1.0,CH1082N-03SET DB SP/198,1
6641,H207577,2.0,CH351-02用 梱包材一式,2
6648,H207579,20.0,CH1082N-03SET DB SN/02,20
6649,H207579,23.0,CH1082N-03SET NA SN/01,23
6650,H207579,1.0,CH1082N-03SET DB SP/198,1
6651,H207580,100.0,SP/181,95.9,TI191116D1,5
6652,H207580,50.0,SP/183,48.7,TI191116D1,2
6665,H207580,7.0,CH271N-08B,7
6666,H207580,4.0,CH271N-09B,4
6667,H207580,7.0,CH271N-49B,7
6668,H207580,8.0,CH271N-50B,8
6669,H207580,3.0,CH271-41B,3
6750,H207580,1.0,LH03-06 HSQ9053Z/03,1
6807,H207582,1.0,TF1089-3PC SP/183 座カバーのみ,1
6808,H207583,1.0,CH1071N-03SET DB SP/181,1
6809,H207583,1.0,CH1072-20SET SN/02,1
6810,H207583,1.0,CH1072-32LSET SN/02,1
6811,H207583,1.0,CH232-03C SP/176,1
6812,H207583,2.0,CH232W-37C SP/176,2
6813,H207583,2.0,CH232W-35C SP/176,2
6814,H207583,1.0,CH1071N-03SET DB SP/181,1
6815,H207583,2.0,CH271-35 SP/178,2
6816,H207583,1.0,CH271E-50 SP/176,1
6817,H207583,1.0,CH271E-08 SP/176,1
6818,H207583,2.0,CH1069-59 SP/178,2
6819,H207583,1.0,CH1071N-03SET DB SP/196,1
6820,H207583,1.0,CH1071N-03SETC SP/209,1
6821,H207583,1.0,CH1071N-03SET DB SP/183,1
6822,H207583,2.0,CH271-35 SP/181,2
6823,H207583,1.0,CH271E-49 SP/183,1
6824,H207583,1.0,CH271E-09 SP/183,1
6825,H207583,3.0,CH1071N-03SET DB SP/196,3
6826,H207583,2.0,CH271-35 SP/206,2
6827,H207583,1.0,CH271E-49 SP/209,1
6828,H207583,1.0,CH271E-09 SP/209,1
6829,H207584,10.0,CH271E-49B 座のみ,10
6830,H207584,10.0,CH271E-50B 座のみ,10
6831,H207585,12.0,CH271E-49B 座のみ,12
6832,H207585,10.0,CH271E-50B 座のみ,10
6865,H207586,50.0,SP/126N,45.4,TI191219A,5
6866,H207586,100.0,SP/181,94.9,TI191123C1,6
6867,H207586,300.0,SP/183,183.2,TI191207C,93.0,TI191212B,24
6965,H207592,2.0,CH1070-03LB,1.0,TI191207C,1
6989,H207586,1.0,CH271E-03 SP/209,1
6990,H207586,1.0,CH271E-17 SP/209,1
6998,H207586,1.0,CH271E-08 SP/207,1
6999,H207586,1.0,CH271E-50 SP/207,1
7071,H207592,1.0,CH1070-03L SP/209,1
7072,H207592,1.0,CH1070-17 SP/209,1
7081,H207575,1.0,TF943BN-03C ﾁﾘ17,1
7082,H207588,3.0,CH261-03+17 SD48806,3
7083,H207588,2.0,CH261-03+17 SD48801,2
7084,H207588,4.0,CH261-03+17 HE28225,4
7085,H207588,5.0,CH261-03+17 HE28221,5
7086,H207588,6.0,CH261-03+17 HE28212,6
7087,H207588,2.0,CH261-03+17 SD42617,2
7088,H207588,3.0,CH261-03+17 SD42620,3
7089,H207588,9.0,CH261-03+17 SD42634,9
7090,H207588,4.0,CH261-03+17 SD42622,4
7099,H207589,6.0,CH907-06 SP/183,4.0,TI191130D1,2
7100,H207589,6.0,CH907-50 SP/183,4.0,TI191130D1,2
7111,H207590,1.0,CH261-03+17 SP/192 SP/196,1
7112,H207590,3.0,CH261-17 SP/192 SP/196,3
7113,H207590,1.0,CH261-02L SP/192 SP/196,1
7114,H207590,1.0,CH261KF-03LSET SP/192 SP/196,1
7115,H207590,1.0,CH261KF-03LSET SP/181 SP/182,1
7116,H207590,1.0,CH261KF-03LSET SP/209 SP/206,1
7117,H207590,1.0,CH261KF-03LSET SP/192 SP/191,1
7118,H207590,1.0,CH356-59 SP/192,1
7119,H207590,1.0,CH356-59 SP/209,1
7120,H207590,1.0,TF1083-03SET SN/02,1
7121,H207590,3.0,TF1089-3P SP/183,3
7122,H207590,2.0,TF1089-0.5P SP/183,2
7123,H207590,1.0,TF1089-2P SP/183,1
7124,H207590,1.0,TF1089-0.5P SP/181,1
7125,H207590,1.0,TF943B-02 DB SP/209,1
7126,H207590,1.0,TF943B-03 DB SP/181,1
7127,H207590,1.0,TF943B-03 DB SP/181 SP/182,1
7128,H207590,1.0,TF943B-03 DB SP/192 SP/196,1
7129,H207590,1.0,TF943B-17 DB SP/192 SP/196,1
7130,H207590,1.0,TF1083-03SET SN/02,1
7131,H207591,1.0,LH03-632用 座中身のみ,1
7180,H207592,1.0,CH1070-03LB,1
7181,H207592,2.0,CH1070-17B,2
7191,H207593,60.0,CH1104-3P SN/56 SN/50,60
7192,H207593,20.0,CH1104-0.5P SN/56 SN/50,20
7193,H207593,60.0,CH1104-HR SN/56,60
7194,H207594,60.0,CH1104-3P SN/56 SN/50,60
7195,H207594,20.0,CH1104-0.5P SN/56 SN/50,20
7196,H207594,60.0,CH1104-HR SN/56,60
7197,H207595,25.0,CH1104-3P SN/56 SN/50,25
7198,H207595,20.0,CH1104-2.5P SN/56 SN/50,20
7199,H207595,80.0,CH1104-0.5P SN/56 SN/50,80
7200,H207596,10.0,CH1129-20LSET DB SP/192 SP/196,10
7201,H207596,10.0,CH1129-11LSET DB SP/192 SP/196,10
7202,H207596,12.0,CH1129-20RSET DB SP/192 SP/196,12
7203,H207596,12.0,CH1129-11RSET DB SP/192 SP/196,12
7207,H207597,34.0,CH1092-1N SP/183,34
7208,H207597,25.0,CH1092-11N SP/183,25
7209,H207597,19.0,CH1092-FS SP/183,19
7210,H207597,41.0,CH1092-YD SP/183,41
7211,H207598,1.0,CH1072-31LSETC SP/207,1
7286,H207599,1.0,LH03-06C HE282/12,1
7287,H207599,1.0,LH03-731C HE282/12,1
7289,H207601,1.0,LH03-06C HSQ9053Z/03,1
7290,H207601,1.0,LH03-20C HSQ9053Z/03,1
7291,H207601,1.0,LH03-632C HSQ9053Z/03,1
7365,H207602,1.0,CH1071N-03SET DB SP/181,1
7374,H207602,1.0,CH271E-08 SP/192,1
7377,H207602,2.0,LH03LEG-L,2
7379,H207603,1000.0,INCOONシリーズネームタグ,1000
7381,H207605,50.0,SP/180,49.2,TI191226B,1
7385,H207605,4.0,CH271E-03B,4
7403,H207605,100.0,LEG60PI-DB,100
7437,H207605,2.0,LH03LEG-L,2
7443,H207602,1.0,LH03LEG-L,1
7491,H207608,100.0,N666LEG-DB,100
7494,H207608,128.0,N528-F,128
7539,H207608,1.0,TF943B-07C SP/182,1
7540,H207608,1.0,TF943B-49C SP/182,1
7544,H207608,1.0,CH1129-3P NA SP/192 SP/192,1
7549,H207608,2.0,LH03LEG-L,2
7552,H207608,1.0,CH1071N-03SET DB SP/192,1
7571,H207609,10.0,CE-721W77LNB6NN,10
7572,H207609,10.0,CE-721W79LNB6NN,10
7573,H207609,5.0,CE-723W77LNB6NN,5
7574,H207609,10.0,CE-723W79LNB6NN,10
7575,H207610,1.0,CH1072-20SETC SP/194,1
7576,H207610,1.0,CH1072-31LSETC SP/194,1
7581,H207611,50.0,SP/126N,47.6,TI200114D,3
7582,H207611,100.0,SP/183,91.9,TI200114D,9
7588,H207611,1.0,CH232W-50B,1
7606,H207611,200.0,T523LEG-DB,200
7656,H207611,4.0,CH1070-03LB,2.0,TI200118D,2
7669,H207611,1.0,CH261-03C SP/126N,1
7670,H207611,1.0,CH261-17C SP/126N,1
7681,H207611,2.0,LH03LEG-L,2
7684,H207611,1.0,CH351-49用 座クッションヌード,1
7687,H207612,3.0,CH261-02L SP/192 SP/196,3
7688,H207612,1.0,CH261KF-03LSET SP/183,1
7689,H207612,2.0,CH261KF-03LSET SP/192 SP/196,2
7690,H207612,1.0,CH271-35 SP/180,1
7691,H207612,1.0,CH271-35 SP/183,1
7692,H207612,1.0,TF1083-03SET SN/02,1
7693,H207612,1.0,TF1089-3P SP/183,1
7694,H207612,2.0,TF1089-0.5P SP/183,2
7695,H207612,1.0,TF1089-2P SP/183,1
7696,H207612,1.0,TF943B-02 DB SP/181,1
7697,H207612,2.0,TF943B-03 DB SP/181 SP/182,2
7698,H207612,1.0,TF943B-02 DB SP/181 SP/182,1
7699,H207613,1.0,CH232W-09 SP/183,1
7702,H207613,1.0,CH271E-50 SP/209,1
7703,H207613,1.0,CH271E-08 SP/209,1
7705,H207613,1.0,CH271E-50 SP/209,1
7713,H207613,1.0,CH271E-50 SP/209,1
7714,H207613,1.0,CH271E-08 SP/209,1
7717,H207605,50.0,SP/122N,50
7751,H207614,50.0,N666LEG-NA,50
7752,H207614,512.0,N528-F,472.0,TI200123C1,40
7787,H207614,1.0,CH1101-3PLSET SP/209,1
7794,H207614,1.0,CH261-03+17 SP/122N,1
7795,H207614,2.0,CH261-03+17 SP/126N,2
7796,H207614,1.0,CH261-03+17 SP/122N,1
7797,H207614,2.0,CH261-03+17 SP/126N,2
7802,H207614,1.0,CH351-07用 背クッション,1
7804,H207614,1.0,CH351-07用座クッションヌード一式,1
7806,H207614,1.0,CH1070-03L座カバー向かって左のみ SP/183,1
7807,H207615,12.0,CH261-03+17 SP/122N SP/126N,12
7808,H207615,5.0,CH261-03+17 SP/122N SP/126N,5
7809,H207615,5.0,TF943B-03 DB ﾁﾘ17,5
7810,H207615,3.0,TF943B-17 DB ﾁﾘ17,3
7811,H207615,2.0,TF943B-03 DB ﾁﾘ25,2
7812,H207615,2.0,TF943B-17 DB ﾁﾘ25,2
7813,H207615,5.0,KY001-16F SP/197,5
7814,H207615,2.0,KY001-16F SP/183,2
7815,H207615,1.0,TF1057-06 DB SP/122N SP/126N,1
7816,H207615,1.0,TF1057-50 DB SP/122N SP/126N,1
7817,H207615,1.0,TF1057-07 DB SP/122N SP/126N,1
7818,H207615,1.0,TF1057-49 DB SP/122N SP/126N,1
7819,H207615,1.0,TF1083-03SET SP/126N,1
7820,H207615,1.0,TF1057-06 DB SP/122N SP/126N,1
7821,H207615,1.0,TF1057-50 DB SP/122N SP/126N,1
7822,H207615,1.0,TF1057-07 DB SP/122N SP/126N,1
7823,H207615,1.0,TF1057-49 DB SP/122N SP/126N,1
7824,H207615,1.0,TF1083-03SET SP/126N,1
7825,H207615,1.0,TF1057-06 DB SP/122N SP/126N,1
7826,H207615,1.0,TF1057-50 DB SP/122N SP/126N,1
7827,H207615,1.0,TF1057-07 DB SP/122N SP/126N,1
7828,H207615,1.0,TF1057-49 DB SP/122N SP/126N,1
7829,H207615,1.0,TF1083-03SET SP/126N,1
7830,H207615,1.0,CH271E-09 SP/192,1
7831,H207615,1.0,CH271E-49 SP/192,1
7832,H207615,1.0,CH271-35 SP/197,1
7833,H207615,1.0,CH1069-03C SP/199,1
7834,H207615,1.0,CH1069-59C SP/199,1
7835,H207616,1.0,CH232W-03C SP/206,1
7836,H207616,2.0,CH232W-37C SP/206,2
7837,H207616,1.0,CH232W-17C SP/206,1
7838,H207617,100.0,SP/183,92.4,TI200227A,8
7908,H207617,1.0,CH951-03C HSQ9053Z03,1
7909,H207617,1.0,CH951-17C HSQ9053Z03,1
7910,H207617,1.0,CH951-59C HSQ9053Z03,1
7921,H207617,1.0,CH907-07座カバー SN/03,1
7922,H207617,1.0,CH907-49座カバー SN/03,1
7925,H207619,1.0,Fabric SP/209 1.3M,1
7927,H207621,5.0,T521-505,5
7989,H207623,50.0,N666LEG-NA,50
8031,H207623,1.0,CH232W-08 SP/176,1
8032,H207623,1.0,CH232W-50 SP/176,1
8033,H207623,1.0,CH232W-17 SP/176,1
8034,H207623,2.0,CH232W-35 SP/176,2
8035,H207623,1.0,CH1070-03 SP/182,1
8036,H207623,1.0,CH356-59 SP/182,1
8037,H207623,1.0,CH271E-42 SP/178,1
8038,H207623,1.0,CH271E-50 SP/178,1
8039,H207623,2.0,CH271-35 SP/180,2
8041,H207623,2.0,LH03LEG-L,2
8043,H207614,10.0,CH271-08C SP/183,10
8044,H207614,10.0,CH271-09C SP/183,10
8045,H207614,30.0,CH271-37C SP/183,30
8046,H207614,10.0,CH271-49C SP/183,10
8047,H207614,20.0,CH271-50C SP/183,20
8048,H207614,10.0,CH1070-03LC SP/183,10
8077,H207624,50.0,CH271-LEG NA,50
8095,H207624,1.0,CH271E-08 SP/197,1
8096,H207624,1.0,CH271E-50 SP/197,1
8111,H207624,1.0,CH1071N-03SET DB SP/209,1
8116,H207624,1.0,LH03LEG-L,1
8118,H207624,1.0,CH1071N-03SET DB SP/126N,1
8120,H207624,1.0,LH03LEG-L,1
8124,H207624,1.0,LH03LEG-L,1
8126,H207624,1.0,LH03LEG-S,1
8127,H207624,1.0,CH271E-08 SP/178,1
8128,H207624,1.0,CH271-37 SP/178,1
8129,H207624,1.0,CH271E-50 SP/178,1
8130,H207624,1.0,CH271-35 SP/197,1
8131,H207624,1.0,CH271-35 SP/198,1
8174,H207626,50.0,SN/01,48.0,TI200326A,2
8237,H207627,1.0,CH1099-3PSET SP/192,1
8238,H207627,18.0,CH1099-3PSET SP/181,18
8240,H207627,1.0,CH1100-0.5P SP/181,1
8241,H207627,2.0,CH1100-0.5P SP/209,2
8242,H207627,1.0,CH1100-0.5P SP/206,1
8243,H207627,4.0,CH1101-3PLSET SN/02,4
8244,H207627,4.0,CH1101-3PRSET SN/02,4
8245,H207627,3.0,CH907-07 SP/183,3
8246,H207627,3.0,CH907-49 SP/183,3
8247,H207627,1.0,CH907-06 SP/183,1
8248,H207627,1.0,CH907-50 SP/183,1
8249,H207627,1.0,CH907-07 SP/181,1
8250,H207627,1.0,CH907-49 SP/181,1
8251,H207627,1.0,CH907-06 SP/209,1
8252,H207627,1.0,CH907-50 SP/209,1
8253,H207627,4.0,CH1100-3P SP/209,4
8254,H207627,4.0,CH1100-HR SP/209,4
8255,H207628,150.0,T523LEG 無着色,150
8256,H207628,100.0,T323LEG 無着色,100
8257,H207629,2.0,TF943B用　脚取り付けボルト,2
8258,H207614,50.0,SP/122N,50
8263,H207625,1.0,CH232W-09 SP/182,1
8264,H207625,1.0,CH232W-49 SP/182,1
8271,H207625,3.0,CH271E-03B,3
8272,H207625,6.0,CH271-03C SP/183,6
8280,H207626,1.0,CH271E-03 SP/206,1
8281,H207626,1.0,CH1099-3PSET SP/181,1
8282,H207630,1.0,LH03-731 HSQ9053Z/03,1
8283,H207630,2.0,LH03LEG-L,2
8284,H207630,1.0,LH03-06 HSQ9053Z/03,1
8285,H207630,1.0,LH03-07 HSQ9053Z/03,1
8286,H207630,1.0,LH03LEG-L,1
8287,H207626,1.0,CH232W-03 SP/183,1
8289,H207626,1.0,CH1129-11RSET DB SP/192 SP/192,1
8290,H207626,1.0,CH1129-20LSET DB SP/192 SP/192,1
8293,H207630,3.0,TF943B-06 DB ﾁﾘ25,2.0,TI200326A,1
8294,H207630,3.0,TF943B-50 DB ﾁﾘ25,2.0,TI200326A,1
8297,H207630,8.0,TF943B-06 DB ﾁﾘ17,8
8298,H207630,8.0,TF943B-50 DB ﾁﾘ17,8
8299,H207630,9.0,TF943B-07 DB ﾁﾘ17,9
8300,H207630,9.0,TF943B-49 DB ﾁﾘ17,9
8301,H207630,4.0,TF943B-03 DB ﾁﾘ25,4
8302,H207630,2.0,TF943B-03 DB ﾁﾘ17,2
8303,H207630,2.0,TF943B-17 DB ﾁﾘ25,2
8304,H207630,2.0,KY001-17F SP/183,2
8305,H207626,1.0,CH1071N-03SET DB SP/183,1
8311,H207626,1.0,CH271E-03 SP/196,1
8312,H207630,1.0,KY001-16F SP/176,1
8313,H207626,1.0,CH232W-03 SP/209,1
8314,H207626,1.0,CH232W-37 SP/209,1
8315,H207626,1.0,CH232W-08 SP/209,1
8316,H207630,1.0,LH03-731 HSQ9053Z/21,1
8317,H207630,2.0,LH03LEG-L,2
8318,H207630,1.0,LH03-06 HSQ9053Z/21,1
8319,H207630,1.0,LH03-17L HSQ9053Z/21,1
8320,H207630,1.0,LH03LEG-S,1
8321,H207630,1.0,LH03-731 HSQ9053Z/03,1
8322,H207630,1.0,LH03LEG-L,1
8323,H207626,1.0,CH1100-HR SP/206,1
8324,H207626,1.0,CH1099-3PSET SP/206,1
8325,H207626,1.0,CH1100-3PSET SP/183,1
8327,H207626,3.0,CH261-03B,3
8328,H207626,2.0,CH271E-03B,2
8330,H207626,2.0,CH351-06B,2
8331,H207626,2.0,CH351-07B,2
8332,H207626,1.0,CH351-49B,1
8334,H207626,2.0,CH232W-09C SN/03,2
8339,H207626,2.0,CH1070-17C SP/183,2
8343,H207626,256.0,N528-F,184.0,TI200312A,72
8345,H207626,20.0,N528-17ZA,20
8346,H207626,30.0,N528-35,30
8347,H207626,90.0,N528-36,90
8348,H207626,140.0,N528-37,140
8349,H207626,50.0,N528-41/42SE,50
8350,H207626,50.0,N528-41/42ZA,50
8351,H207626,10.0,N528-41S/42SSE,10
8353,H207626,90.0,N528-49/50/03ARM,90
8354,H207626,90.0,N528-49/50SE,90
8355,H207626,80.0,N528-49/50ZA,80
8357,H207626,40.0,T517-08/09/10ZA,40
8359,H207626,20.0,T517-10/08/09SES,20
8367,H207631,1.0,CH1082N-03SETC SP/194,1
8370,H207632,50.0,SP/180,50
8371,H207632,100.0,SP/183,99.5,TI200331A,1
8409,H207630,1.0,LH03-17L HSQ9053Z/03,1
8410,H207630,1.0,LH03LEG-S,1
8412,H207630,1.0,LH03-06 HSQ9053Z/03,1
8413,H207630,2.0,LH03LEG-L,2
8414,H207630,1.0,LH03-731 HSQ9053Z/03,1
8419,H207630,1.0,CH907-06 SP/122N,1
8421,H207630,1.0,CH907-50 SP/122N,1
8422,H207630,2.0,CH907-35 SP/126N,2
8424,H207630,1.0,TF943B-03 DB SN/01,1
8425,H207630,1.0,TF943B-17 DB SN/01,1
8426,H207630,1.0,LH03-07 HSQ9053Z/03,1
8427,H207630,2.0,LH03LEG-L,2
8428,H207630,1.0,LH03-632 HSQ9053Z/03,1
8430,H207630,1.0,CH907-06 SP/122N,1
8432,H207630,1.0,CH907-50 SP/122N,1
8433,H207630,2.0,CH907-35 SP/126N,2
8434,H207632,1.0,TF1057-06 DB SP/122N SP/126N,1
8435,H207632,1.0,TF1057-50 DB SP/122N SP/126N,1
8436,H207632,2.0,TF1057-06 DB SP/122N SP/126N,2
8437,H207632,2.0,TF1057-50 DB SP/122N SP/126N,2
8438,H207632,1.0,CH232W-08 SP/183,1
8439,H207632,1.0,CH232W-50 SP/183,1
8441,H207633,1.0,CH271E-50 SP/209,1
8442,H207633,1.0,CH271E-08 SP/209,1
8443,H207633,2.0,CH271-35 SP/209,2
8444,H207633,1.0,CH271E-42 SP/183,1
8445,H207633,1.0,CH271E-50 SP/183,1
8446,H207633,1.0,CH271-35 SP/197,1
8447,H207633,1.0,CH271E-03 SP/206,1
8448,H207633,1.0,CH271E-17 SP/206,1
8449,H207633,2.0,CH271-35 SP/206,2
8450,H207633,1.0,CH271E-03 SP/194,1
8451,H207633,2.0,CH271-35 SP/195,2
8452,H207633,1.0,CH271E-50 SP/198,1
8453,H207633,1.0,CH271E-08 SP/198,1
8454,H207633,2.0,CH271-35 SP/198,2
8455,H207633,1.0,CH271E-41 SN/02,1
8456,H207633,1.0,CH271E-49 SN/02,1
8457,H207633,1.0,CH271E-41 SN/02,1
8458,H207633,1.0,CH271E-49 SN/02,1
8459,H207633,1.0,CH271E-42 SP/207,1
8460,H207633,1.0,CH271E-50 SP/207,1
8461,H207633,3.0,CHY039-14F SP/183,3
8463,H207633,1.0,CH1072-32LSET SN/02,1
8464,H207633,1.0,CH1072-20SET SN/02,1
8465,H207633,1.0,CH1070-03L SP/183,1
8466,H207633,1.0,CH232W-49 SP/183,1
8467,H207633,1.0,CH232W-37 SP/183,1
8468,H207633,1.0,CH232W-07 SP/183,1
8469,H207634,100.0,SP/183,98.3,TI200404A,2
8520,H207634,2.0,CH232W-37 SP/197,2
8522,H207634,1.0,CH232W-37 SP/196,1
8526,H207630,1.0,CH1104-3P BW SN/03 SP/182,1
8527,H207630,1.0,CH1104-0.5P BW SN/03 SP/182,1
8528,H207630,1.0,CH1104-59 SN/03,1
8529,H207630,1.0,CH1104-3P BW SN/01,1
8530,H207630,1.0,CH1104-59 SN/01,1
8531,H207635,100.0,SP/180,96.0,TI200411C,4
8584,H207635,1.0,CH1071N-03SET DB SP/207,1
8586,H207635,1.0,CH271-35 SP/192,1
8587,H207635,1.0,CH1082N-03SET DB SP/207,1
8592,H207636,12.0,CH1129-20LSET DB SP/192 SP/196,12
8593,H207636,12.0,CH1129-11RSET DB SP/192 SP/196,12
8594,H207636,10.0,CH1129-20RSET DB SP/192 SP/196,10
8595,H207636,10.0,CH1129-11LSET DB SP/192 SP/196,10
8596,H207636,10.0,CH1129-3P DB SP/192 SP/196,2.0,TI200416A,8
8597,H207636,7.0,CH1129-2P DB SP/192 SP/196,1.0,TI200416A,6
8623,H207637,2.0,CH1069-03C SP/178,2
8637,H207637,1.0,CH907-07 SP/209,1
8638,H207637,1.0,CH907-49 SP/209,1
8644,H207637,2.0,LH03LEG-L,2
8645,H207637,1.0,LH03-632 SP/209,1
8646,H207638,10.0,MAN-3M-W77LNB61,7.0,TI200528B,3
8647,H207638,10.0,MAN-3M-W79LNB61,6.0,TI200528B,4
8648,H207638,10.0,MAN-5M-W77LNB61,5.0,TI200528B,5
8649,H207638,10.0,MAN-5M-W79LNB61,1.0,TI200528B,9
8650,H207630,20.0,CH1104-59 SN/56,20
8728,H207641,512.0,N528-F,248.0,TI200418A,264
8757,H207630,5.0,CH907-35 SN/50,5
8758,H207630,5.0,CH907-35 SN/56,5
8759,H207630,1.0,CH1104-59 SN/02,1
8802,H207643,1.0,LH03-731 HSQ9053Z/03,1
8819,H207643,1.0,CH271E-49 SP/206,1
8820,H207643,1.0,CH271-37 SP/206,1
8821,H207643,1.0,CH271E-41 SP/206,1
8826,H207644,20.0,MAN-5M-W77LNB61,20
8827,H207644,20.0,MAN-5M-W79LNB61,20
8828,H207644,10.0,MAN-1M-W77LNB61,5.0,TI200528B,5
8829,H207644,10.0,MAN-1M-W79LNB61,5.0,TI200528B,5
8830,H207644,5.0,MAN-3M-W77LNB61,5
8831,H207645,50.0,SP/183,49.5,TI200425A,1
8897,H207645,2.0,LH03LEG-L,2
8905,H207645,1.0,CH271E-49 SP/192,1
8909,H207630,1.0,CH1122-11R SN/19,1
8910,H207630,1.0,CH1122-1N SN/19,1
8911,H207630,1.0,CH1122-0.5P SN/42,1
8912,H207630,1.0,NF-50 SN/42,1
8913,H207646,50.0,SP/180,47.4,TI200430A,3
8914,H207646,50.0,SP/183,47.2,TI200430A,3
8942,H207646,100.0,CE88-ﾊﾞﾈ,100
8968,H207646,2.0,CH232W-35 SP/122N,2
8969,H207646,1.0,CH907-06 SP/122N,1
8971,H207646,1.0,CH907-50 SP/122N,1
8972,H207646,2.0,CH907-35 SP/126N,2
8976,H207646,1.0,CH271E-42 SP/209,1
8977,H207646,1.0,CH271E-50 SP/209,1
8978,H207646,1.0,CH351-02用背座クッションヌード一式,1
8982,H207647,1.0,N338MC-700,1
8983,H207648,96.0,CH1122-11R SN/42,96
8984,H207648,30.0,CH1122-0.5P SN/19,30
8985,H207648,40.0,NF-50 SN/42,40
8986,H207648,15.0,NF-50 SN/19,15
8987,H207648,200.0,布地サンプル(B5サイズ) SN/19,200
8988,H207648,200.0,布地サンプル(B5サイズ) SN/42,200
8989,H207649,96.0,CH1122-1N SN/42,96
8990,H207649,66.0,CH1122-0.5P SN/19,66
8991,H207649,40.0,NF-50 SN/42,40
8992,H207649,15.0,NF-50 SN/19,15
8993,H207650,4.0,CH1122-11R SN/42,4
8994,H207650,30.0,CH1122-11L SN/42,30
8995,H207650,20.0,CH1122-11R SN/19,20
8996,H207650,22.0,CH1122-11L SN/19,22
8997,H207650,4.0,CH1122-1N SN/42,4
8998,H207650,20.0,CH1122-1N SN/19,20
8999,H207650,20.0,CH1122-0.5P SN/42,20
9000,H207650,4.0,CH1122-0.5P SN/19,4
9001,H207651,8.0,CH1104-3P BW SN/45,8
9002,H207651,50.0,CH1104-2.5P BW SN/45,50
9003,H207651,19.0,CH1104-0.5P BW SN/45,19
9004,H207651,29.0,CH1104-59 SN/45,29
9005,H207651,80.0,NF-50 SN/45,80
9006,H207651,200.0,布地サンプル(B5サイズ) SN/45,200
9007,H207652,50.0,SP/181,46.0,TI200514A,4
9014,H207652,2.0,CH351-02B,2
9015,H207652,4.0,CH351-03B,4
9016,H207652,3.0,CH351-07B,3
9017,H207652,2.0,CH351-17B,2
9018,H207652,3.0,CH351-49B,3
9043,H207652,512.0,N528-F,472.0,TI200521A,40
9078,H207653,1.0,CH271E-41 SP/209,1
9079,H207653,1.0,CH271E-49 SP/209,1
9088,H207653,2.0,CH271E-42 SN/03,2
9089,H207653,2.0,CH271E-50 SN/03,2
9091,H207653,4.0,CH271-35 SP/209,4
9093,H207654,1.0,CH271E-03 SP/178,1
9094,H207654,1.0,CH271E-17 SP/178,1
9095,H207654,3.0,TF943B-06 DB ﾁﾘ17,3
9096,H207654,3.0,TF943B-50 DB ﾁﾘ17,3
9097,H207654,3.0,TF943B-07 DB ﾁﾘ17,3
9098,H207654,3.0,TF943B-49 DB ﾁﾘ17,3
9099,H207654,5.0,TF943B-03 DB ﾁﾘ17,5
9100,H207654,3.0,TF943B-17 DB ﾁﾘ17,3
9101,H207654,2.0,TF943B-03 DB ﾁﾘ25,2
9102,H207654,2.0,KY001-16F SP/197,2
9103,H207654,3.0,KY001-17F SP/183,3
9104,H207654,5.0,CH261-03+17 SP/192 SP/196,5
9105,H207654,1.0,TF1083-03SET SP/126N,1
9106,H207654,1.0,TF1083-03SET SP/126N,1
9107,H207654,1.0,TF1083-03SET SP/126N,1
9108,H207654,1.0,CH271E-08 SP/196,1
9109,H207654,1.0,CH271E-17 SP/196,1
9110,H207635,10.0,T517-17LZA,10
9111,H207654,1.0,TF1057-06 DB SP/126N,1
9112,H207654,1.0,TF1057-50 DB SP/126N,1
9113,H207654,1.0,TF1057-07 DB SP/126N,1
9114,H207654,1.0,TF1057-49 DB SP/126N,1
9115,H207654,1.0,TF1057-06 DB SP/126N,1
9116,H207654,1.0,TF1057-50 DB SP/126N,1
9117,H207654,1.0,TF1057-07 DB SP/126N,1
9118,H207654,1.0,TF1057-49 DB SP/126N,1
9119,H207654,1.0,TF1057-06 DB SP/126N,1
9120,H207654,1.0,TF1057-50 DB SP/126N,1
9121,H207654,1.0,TF1057-07 DB SP/126N,1
9122,H207654,1.0,TF1057-49 DB SP/126N,1
9135,H207655,2.0,CH351-02B,2
9136,H207655,2.0,CH351-03B,2
9137,H207655,3.0,CH351-06B,3
9138,H207655,2.0,CH351-17B,2
9139,H207655,4.0,CH351-50B,4
9159,H207655,100.0,CH271-LEG DB,100
9160,H207655,50.0,CH271-LEG NA,50
9172,H207655,1.0,TF1089-3P SP/183,1
9180,H207656,1.0,CH271-50C SP/178 座カバーのみ,1
9181,H207654,1.0,TF943B-06 DB SP/181,1
9182,H207654,1.0,TF943B-50 DB SP/181,1
9183,H207651,1.0,CH1104-3P BW SP/207 SP/198,1
9242,H207657,2.0,CH232W-37 SP/192,1.0,TI200528B,1
9270,H207657,1.0,CH232W-20NC SN/01,1
9280,H207657,3.0,CH232W-37C SN/02,3
9281,H207657,5.0,CH232W-37C SN/03,5
9315,H207658,2.0,CH1092-YDC SP/184,1.0,TI200604A,1
9317,H207651,1.0,CH1104-3P BW SP/192 SP/181,1
9318,H207651,1.0,CH1104-0.5P BW SP/192 SP/181,1
9319,H207651,1.0,CH1104-59 SP/192,1
9322,H207659,10.0,CH1092用 脚のみ,10
9323,H207660,1.0,CH232W-03 座クッション中身,1
9324,H207660,1.0,CH232W-08 座クッション中身,1
9325,H207660,3.0,CH232W-37 クッション中身,3
9326,H207661,5.0,CH232W-03B,5
9327,H207661,1.0,CH271E-41B,1
9328,H207661,4.0,CH351-02B,4
9329,H207661,6.0,CH351-03B,6
9330,H207661,3.0,CH351-06B,3
9331,H207661,3.0,CH351-07B,3
9332,H207661,4.0,CH351-17B,4
9333,H207661,3.0,CH351-49B,3
9334,H207661,4.0,CH351-50B,4
9335,H207661,2.0,CH271-17C SP/180,2
9336,H207661,2.0,CH271-42C SP/180,2
9337,H207661,3.0,CH271-50C SP/180,3
9338,H207661,3.0,CH1070-17B,3
9339,H207661,4.0,CH1071N-03SET DB SN/03,4
9340,H207661,1.0,CH1071N-03SET DB SP/207,1
9341,H207661,1.0,CH1129-20LSET DB SP/181 SP/126N,1
9342,H207661,1.0,CH1129-11RSET DB SP/181 SP/126N,1
9343,H207661,5.0,CH261-03+17 SP/126N,5
9344,H207661,1.0,CH271E-50 SP/207,1
9345,H207661,1.0,CH271-37 SP/207,1
9346,H207661,1.0,CH271E-08 SP/207,1
9347,H207661,1.0,CH232W-03 SP/197,1
9348,H207661,1.0,CH232W-09 SP/197,1
9349,H207661,1.0,CH232W-03 座クッションヌード,1
9398,H207662,50.0,SP/206,50
9399,H207662,1.0,CH232W-07B,1
9400,H207662,5.0,CH232W-49B,5
9401,H207662,5.0,CH271E-03B,5
9402,H207662,4.0,CH271E-08B,4
9403,H207662,4.0,CH271E-41B,4
9404,H207662,7.0,CH271E-49B,7
9405,H207662,3.0,CH271E-50B,3
9406,H207662,1.0,CH271-17C SP/181,1
9407,H207662,1.0,CH271-37C SP/181,1
9408,H207662,5.0,CH271-03C SP/183,5
9409,H207662,5.0,CH271-08C SP/183,5
9410,H207662,4.0,CH271-41C SP/183,4
9411,H207662,5.0,CH271-49C SP/183,5
9412,H207662,3.0,CH1069-59B,3
9413,H207662,5.0,CH1070-03LB,5
9414,H207662,3.0,CH1072-20SET SP/206,3
9415,H207662,3.0,CH1072-32LSET SP/206,3
9416,H207662,20.0,T517-49/50ARM,20
9417,H207662,1.0,CH271E-50 SP/209,1
9418,H207662,1.0,CH271E-42 SP/209,1
9419,H207662,1.0,CH1072-31LSET SP/199,1
9420,H207662,1.0,CH1072-35C SP/207,1
9421,H207662,1.0,CH1082N-03SET NA SP/180,1
9422,H207662,1.0,CH1070-03LC SP/198,1
9423,H207662,1.0,CH1070-17C SP/198,1
9424,H207662,1.0,CH1129-3P DB SP/183 SP/182,1
9425,H207662,1.0,CH907-17 SP/180,1
9426,H207662,1.0,CH1070-17 SP/207,1
9427,H207662,1.0,CH1082N-03SET NA SP/197,1
9428,H207662,1.0,CH261KF-03LSET SP/192 SP/196,1
9429,H207662,1.0,CH356-59 SP/192,1
9430,H207662,1.0,CH271E-08 SP/206,1
9431,H207662,1.0,CH271E-41 SP/206,1
9432,H207662,1.0,CH271E-17 SP/206,1
9433,H207662,1.0,CH232W-35 SP/197,1
9434,H207662,1.0,CH232W-35 SP/191,1
9435,H207662,1.0,CH261-02L SP/207,1
9436,H207662,1.0,CH232W-50 SP/180,1
9437,H207662,1.0,CH232W-17 SP/180,1
9438,H207662,1.0,LH03-20 SP/183,1
9439,H207662,1.0,LH03LEG-L,1
9440,H207662,1.0,LH03-632C SP/183,1
9441,H207662,1.0,CH271E-50 SP/209,1
9442,H207662,1.0,CH271E-42 SP/209,1
9443,H207662,1.0,CH271-37 SP/199,1
9444,H207662,1.0,CH271E-03 SP/207,1
9445,H207662,1.0,CH271E-50 SP/207,1
9450,H207663,5.0,CH1104-3P BW SN/56 SN/50,5
9451,H207663,7.0,CH1104-2.5P BW SN/56 SN/50,7
9452,H207663,5.0,CH1104-3P BW SN/45,5
9453,H207663,21.0,CH1104-2.5P BW SN/45,21
9454,H207663,10.0,CH1104-59 SN/56,10
9455,H207663,10.0,CH1104-59 SN/45,10
9456,H207663,20.0,CH1122-11R SN/42,20
9457,H207663,10.0,CH1122-11L SN/42,10
9458,H207663,10.0,CH1122-1N SN/42,10
9459,H207663,10.0,CH1122-0.5P SN/19,10
9460,H207663,1.0,CH1104-3P BW SP/184,1
9461,H207663,2.0,CH1104-59 SP/184,2
9462,H207664,2.0,CH1021-180 SIZA-GY,2
9463,H207664,8.0,CH1021-180 VANQ-03,8
9464,H207664,3.0,FS232-09 SN/03,3
9465,H207664,8.0,FS232-08 SN/03,8
9466,H207664,3.0,FS232-49 SN/03,3
9467,H207664,8.0,FS232-50 SN/03,8
9468,H207664,6.0,FJ001-2.5P SP/180,6
9469,H207664,2.0,FJ002-2.5P SP/180,2
9470,H207664,8.0,FJ003-2.5PL SN/02,8
9471,H207664,4.0,FJ003-2.5PR SN/02,4
9472,H207664,10.0,CH1021 NA,10
9473,H207664,10.0,CH1021 WN,10
9474,H207665,5.0,CH232W-03B,5
9475,H207665,4.0,CH271E-03B,4
9476,H207665,4.0,CH271E-08B,4
9477,H207665,3.0,CH271E-09B,3
9478,H207665,4.0,CH271E-41B,4
9479,H207665,2.0,CH271E-42B,2
9480,H207665,7.0,CH271E-49B,7
9481,H207665,2.0,CH271E-50B,2
9482,H207665,2.0,CH232W-20NC SN/01,2
9483,H207665,5.0,CH232W-37C SN/01,5
9484,H207665,2.0,CH232W-03C SN/02,2
9485,H207665,3.0,CH232W-08C SN/02,3
9486,H207665,3.0,CH232W-09C SN/02,3
9487,H207665,1.0,CH232W-20NC SN/02,1
9488,H207665,5.0,CH232W-35C SN/02,5
9489,H207665,24.0,CH232W-37C SN/02,24
9490,H207665,2.0,CH232W-49C SN/02,2
9491,H207665,2.0,CH232W-50C SN/02,2
9492,H207665,2.0,CH232W-08C SN/03,2
9493,H207665,1.0,CH232W-20NC SN/03,1
9494,H207665,5.0,CH232W-35C SN/03,5
9495,H207665,10.0,CH232W-37C SN/03,10
9496,H207665,5.0,CH232W-49C SN/03,5
9497,H207665,5.0,CH232W-50C SN/03,5
9498,H207665,2.0,CH271-03C SN/01,2
9499,H207665,2.0,CH271-08C SN/01,2
9500,H207665,2.0,CH271-09C SN/01,2
9501,H207665,2.0,CH271-17C SN/01,2
9502,H207665,10.0,CH271-37C SN/01,10
9503,H207665,2.0,CH271-41C SN/01,2
9504,H207665,2.0,CH271-42C SN/01,2
9505,H207665,2.0,CH271-49C SN/01,2
9506,H207665,2.0,CH271-50C SN/01,2
9507,H207665,3.0,CH271-03C SN/02,3
9508,H207665,5.0,CH271-08C SN/02,5
9509,H207665,5.0,CH271-09C SN/02,5
9510,H207665,2.0,CH271-17C SN/02,2
9511,H207665,30.0,CH271-37C SN/02,30
9512,H207665,2.0,CH271-41C SN/02,2
9513,H207665,2.0,CH271-42C SN/02,2
9514,H207665,6.0,CH271-49C SN/02,6
9515,H207665,6.0,CH271-50C SN/02,6
9516,H207665,2.0,CH271-03C SN/03,2
9517,H207665,5.0,CH271-08C SN/03,5
9518,H207665,25.0,CH271-37C SN/03,25
9519,H207665,3.0,CH271-41C SN/03,3
9520,H207665,5.0,CH271-49C SN/03,5
9521,H207665,5.0,CH271-50C SN/03,5
9522,H207665,2.0,CH271-03C SP/180,2
9523,H207665,5.0,CH271-35C SP/182,5
9524,H207665,10.0,CH271-37C SP/183,10
9525,H207665,1.0,CH271-09C SP/184,1
9526,H207665,5.0,CH271-35C SP/184,5
9527,H207665,2.0,CH1070-03LC SN/02,2
9528,H207665,2.0,CH1070-17C SN/02,2
9529,H207665,2.0,CH1070-03C SN/03,2
9530,H207665,4.0,CH1070-03LC SN/03,4
9531,H207665,2.0,CH1070-17C SN/03,2
9532,H207665,2.0,CH1070-17B,2
9533,H207665,1.0,CH1071N-03SET DB SN/03,1
9534,H207665,100.0,CH271-LEG DB,100
9535,H207665,10.0,N528-35,10
9536,H207665,40.0,N528-37,40
9537,H207665,20.0,N528-41/42ZA,20
9538,H207665,30.0,N528-49/50SE,30
9539,H207665,20.0,T517-08/09/10ZA,20
9540,H207665,20.0,T517-08/09SEL,20
9541,H207665,2.0,CH232W-37 SP/180,2
9542,H207665,1.0,CH271E-41 SP/206,1
9543,H207665,1.0,CH271E-49 SP/206,1
9544,H207665,1.0,CH271E-17 SP/206,1
9545,H207665,1.0,CH271E-50 SP/178,1
9546,H207665,1.0,CH271E-08 SP/178,1
9547,H207665,1.0,CH271E-03 SP/192,1
9548,H207665,1.0,CH232W-09 SP/199,1
9549,H207665,1.0,CH232W-49 SP/199,1
9550,H207665,2.0,LH03-03 SN/02,2
9551,H207665,2.0,LH03LEG-L,2
9552,H207665,1.0,CH1082N-03SET DB SP/206,1
9553,H207665,1.0,CH1129-2P DB SP/196 SP/196,1
9554,H207665,1.0,CH1071N-03SET DB SP/206,1
9555,H207665,1.0,CH1070-03 SP/197,1
9556,H207665,1.0,CH232W-03 SP/198,1
9557,H207665,1.0,CH232W-09 SP/198,1
9558,H207666,1.0,CH232W-03B,1
9559,H207666,1.0,CH232W-08B,1
9560,H207666,1.0,CH232W-09B,1
9561,H207666,1.0,CH232W-50B,1
9562,H207666,1.0,CH232W-17B,1
9563,H207666,1.0,CH1071N-03B+17B,1
9564,H207663,66.0,CH1098-SC NV-1,66
9565,H207663,59.0,CH1098-SC DGY-1,59
9566,H207663,50.0,CH1098-SC LGY-1,50
9567,H207663,44.0,CH1098-SC LGY-2,44
9568,H207663,50.0,CH1098-SC NV-2,50
9569,H207663,49.0,CH1098-SC DGY-2,49
9570,H207667,100.0,SP/183,100
9571,H207667,5.0,CH232W-03B,5
9572,H207667,5.0,CH232W-08B,5
9573,H207667,5.0,CH232W-09B,5
9574,H207667,5.0,CH232W-20NB,5
9575,H207667,30.0,CH232W-35,30
9577,H207667,1.0,CH261-03B,1
9578,H207667,2.0,CH271E-03B,2
9579,H207667,5.0,CH271E-08B,5
9580,H207667,5.0,CH271E-09B,5
9581,H207667,5.0,CH271E-17B,5
9582,H207667,1.0,CH271E-42B,1
9583,H207667,1.0,CH271E-49B,1
9584,H207667,2.0,CH271E-50B,2
9585,H207667,30.0,CH356-59B,30
9586,H207667,3.0,CH232W-03C SP/206,3
9587,H207667,3.0,CH232W-08C SP/206,3
9588,H207667,3.0,CH232W-09C SP/206,3
9589,H207667,2.0,CH232W-17C SP/206,2
9590,H207667,2.0,CH232W-20NC SP/206,2
9591,H207667,15.0,CH232W-37C SP/206,15
9592,H207667,3.0,CH232W-03C SP/207,3
9593,H207667,3.0,CH232W-08C SP/207,3
9594,H207667,3.0,CH232W-09C SP/207,3
9595,H207667,2.0,CH232W-17C SP/207,2
9596,H207667,2.0,CH232W-20NC SP/207,2
9597,H207667,15.0,CH232W-37C SP/207,15
9598,H207667,3.0,CH232W-03C SP/209,3
9599,H207667,3.0,CH232W-08C SP/209,3
9600,H207667,3.0,CH232W-09C SP/209,3
9601,H207667,2.0,CH232W-17C SP/209,2
9602,H207667,2.0,CH232W-20NC SP/209,2
9603,H207667,15.0,CH232W-37C SP/209,15
9604,H207667,10.0,CH271-37C SP/181,10
9605,H207667,2.0,CH271-50C SP/181,2
9606,H207667,1.0,CH271-17C SP/183,1
9607,H207667,5.0,CH1069-59B,5
9608,H207667,2.0,CH1072-31LSET SP/209,2
9609,H207667,1.0,CHY038-10F SN/03,1
9610,H207667,1.0,CHY039-14F SP/183,1
9611,H207667,1.0,CHY040-14F SP/197,1
9612,H207667,1.0,CH1071N-17 DB SN/01,1
9613,H207667,1.0,LH03-731 HSQ9053Z/03,1
9614,H207667,1.0,LH03LEG-L,1
9615,H207667,1.0,CH271E-09 SP/209,1
9616,H207667,1.0,CH271E-49 SP/209,1
9617,H207667,1.0,CH1072-20SET SP/199,1
9618,H207667,1.0,CH1072-31LSET SP/199,1
9619,H207667,1.0,CH271-08C SP/194,1
9620,H207667,1.0,CH271-50C SP/194,1
9621,H207667,2.0,CH271-37C SP/194,2
9622,H207667,1.0,CH1071N-03SET DB SP/207,1
9623,H207667,1.0,CH271E-41 SP/192,1
9624,H207667,1.0,CH271E-08 SP/192,1
9625,H207667,2.0,CH1069-59C SP/192,2
9626,H207667,1.0,CH1069-03C SP/192,1
9627,H207667,1.0,CH1069-02 SN/02,1
9628,H207667,1.0,CH1072-20C SP/209,1
9629,H207667,1.0,CH271-35 SP/209,1
9630,H207667,1.0,CH271E-03 SP/209,1
9631,H207667,1.0,CH232W-08 座クッション中身,1
9632,H207668,8.0,CH271E-09 SP/183,8
9633,H207668,8.0,CH271E-49 SP/183,8
9634,H207668,7.0,CH271E-08 SP/183,7
9635,H207668,7.0,CH271E-50 SP/183,7
9636,H207668,30.0,CH271-35 SP/180,30
9637,H207668,4.0,CH1070-03L SP/183,4
9638,H207668,10.0,CH1069-03 SP/197,10
9639,H207668,3.0,CH1070-17 SP/197,3
9640,H207668,15.0,CH1069-59 SP/197,15
9641,H207668,2.0,CH232W-03 SN/02,2
9642,H207668,3.0,CH272-032 SP/183,3
9643,H207668,3.0,CH272-17 SP/183,3
9644,H207668,1.0,CH272-032 SP/180,1
9645,H207668,1.0,CH272-17 SP/180,1
9924,H207670,50.0,SP/180,50
9925,H207670,10.0,CH232W-03B,10
9926,H207670,5.0,CH232W-08B,5
9927,H207670,3.0,CH232W-09B,3
9928,H207670,5.0,CH232W-49B,5
9929,H207670,5.0,CH232W-50B,5
9930,H207670,6.0,CH261-03B,6
9931,H207670,10.0,CH271-35,10
9932,H207670,10.0,CH271E-03B,10
9933,H207670,10.0,CH271E-08B,10
9934,H207670,10.0,CH271E-09B,10
9935,H207670,6.0,CH271E-17B,6
9936,H207670,2.0,CH271E-41B,2
9937,H207670,10.0,CH271E-49B,10
9938,H207670,4.0,CH271E-50B,4
9939,H207670,5.0,CH232W-35C SN/01,5
9940,H207670,1.0,CH232W-03C SN/02,1
9941,H207670,2.0,CH232W-09C SN/02,2
9942,H207670,5.0,CH232W-35C SN/02,5
9943,H207670,2.0,CH232W-08C SN/03,2
9944,H207670,5.0,CH232W-35C SN/03,5
9945,H207670,10.0,CH232W-37C SN/03,10
9946,H207670,5.0,CH232W-49C SN/03,5
9947,H207670,5.0,CH232W-50C SN/03,5
9948,H207670,3.0,CH232W-03C SP/206,3
9949,H207670,3.0,CH232W-08C SP/206,3
9950,H207670,3.0,CH232W-09C SP/206,3
9951,H207670,2.0,CH232W-17C SP/206,2
9952,H207670,2.0,CH232W-20NC SP/206,2
9953,H207670,3.0,CH232W-49C SP/206,3
9954,H207670,3.0,CH232W-50C SP/206,3
9955,H207670,3.0,CH232W-03C SP/207,3
9956,H207670,3.0,CH232W-08C SP/207,3
9957,H207670,3.0,CH232W-09C SP/207,3
9958,H207670,2.0,CH232W-17C SP/207,2
9959,H207670,2.0,CH232W-20NC SP/207,2
9960,H207670,2.0,CH232W-49C SP/207,2
9961,H207670,2.0,CH232W-50C SP/207,2
9962,H207670,3.0,CH232W-03C SP/209,3
9963,H207670,3.0,CH232W-08C SP/209,3
9964,H207670,3.0,CH232W-09C SP/209,3
9965,H207670,2.0,CH232W-17C SP/209,2
9966,H207670,3.0,CH232W-49C SP/209,3
9967,H207670,3.0,CH232W-50C SP/209,3
9968,H207670,10.0,CH271-37C SN/01,10
9969,H207670,3.0,CH271-49C SN/01,3
9970,H207670,2.0,CH271-50C SN/01,2
9971,H207670,3.0,CH271-03C SN/02,3
9972,H207670,5.0,CH271-08C SN/02,5
9973,H207670,5.0,CH271-09C SN/02,5
9974,H207670,2.0,CH271-17C SN/02,2
9975,H207670,30.0,CH271-37C SN/02,30
9976,H207670,2.0,CH271-41C SN/02,2
9977,H207670,2.0,CH271-42C SN/02,2
9978,H207670,7.0,CH271-49C SN/02,7
9979,H207670,7.0,CH271-50C SN/02,7
9980,H207670,2.0,CH271-03C SN/03,2
9981,H207670,5.0,CH271-08C SN/03,5
9982,H207670,5.0,CH271-09C SN/03,5
9983,H207670,25.0,CH271-37C SN/03,25
9984,H207670,5.0,CH271-49C SN/03,5
9985,H207670,5.0,CH271-50C SN/03,5
9986,H207670,1.0,CH271-08C SP/181,1
9987,H207670,2.0,CH271-17C SP/181,2
9988,H207670,2.0,CH271-50C SP/181,2
9989,H207670,7.0,CH271-09C SP/183,7
9990,H207670,5.0,CH271-17C SP/183,5
9991,H207670,10.0,CH271-37C SP/183,10
9992,H207670,5.0,CH271-49C SP/183,5
9993,H207670,2.0,CH271-50C SP/183,2
9994,H207670,1.0,CH271-09C SP/184,1
9995,H207670,2.0,CH1070-03LC SN/02,2
9996,H207670,2.0,CH1070-17C SN/02,2
9997,H207670,2.0,CH1070-03C SN/03,2
9998,H207670,4.0,CH1070-03LC SN/03,4
9999,H207670,2.0,CH1070-17C SN/03,2
10000,H207670,5.0,CH1070-03LC SP/183,5
10001,H207670,3.0,CH1070-17C SP/183,3
10002,H207670,5.0,CH1070-03B,5
10003,H207670,2.0,CHY038-10F SN/03,2
10004,H207670,100.0,CH271-LEG DB,100
10005,H207670,1.0,CH271E-49 SP/191,1
10006,H207670,1.0,CH271E-17 SP/191,1
10007,H207670,2.0,CH271-35 SP/192,2
10008,H207670,1.0,CH1070-03L SP/181,1
10009,H207670,2.0,CH271-35 SP/180,2
10010,H207670,1.0,CH271E-08 SP/191,1
10011,H207670,1.0,CH271-37 SP/191,1
10014,H207670,1.0,CH271E-08 SP/207,1
10015,H207670,1.0,CH271E-17 SP/207,1
10016,H207670,1.0,CH271-35 SP/207,1
10017,H207670,1.0,CH1070-03C SP/178,1
10018,H207670,1.0,CH232W-03 座クッションヌード,1
10019,H207670,1.0,CH261-03+17 用 脚のみ,1
10072,H207671,50.0,SP/182,50
10073,H207671,5.0,CH261-03B,5
10074,H207671,20.0,CH271-35,20
10075,H207671,2.0,CH271E-03B,2
10076,H207671,1.0,CH271E-09B,1
10077,H207671,5.0,CH271E-17B,5
10078,H207671,1.0,CH271E-42B,1
10079,H207671,6.0,CH271E-49B,6
10080,H207671,4.0,CH271E-50B,4
10081,H207671,3.0,CH232W-03C SN/02,3
10082,H207671,10.0,CH232W-37C SN/02,10
10083,H207671,1.0,CH232W-03C SN/03,1
10084,H207671,5.0,CH271-35C SN/03,5
10085,H207671,5.0,CH271-35C SP/180,5
10086,H207671,1.0,CH271-08C SP/181,1
10087,H207671,1.0,CH271-09C SP/181,1
10088,H207671,20.0,CH271-37C SP/183,20
10089,H207671,3.0,CH1069-03C SP/178,3
10090,H207671,5.0,CH1069-03B,5
10091,H207671,2.0,CH1071N-03SET DB SN/03,2
10092,H207671,1.0,CH1072-20SET SP/209,1
10093,H207671,2.0,CHY039-14F SP/183,2
10094,H207671,2.0,CHY040-14F SP/197,2
10095,H207671,100.0,CH271-LEG NA,100
10096,H207671,20.0,N528-49/50/03ARM,20
10097,H207671,20.0,N528-49/50ZA,20
10098,H207671,1.0,CH271E-03 SP/192,1
10099,H207671,1.0,CH271E-17 SP/192,1
10100,H207671,1.0,LH03-06 SP/209,1
10101,H207671,1.0,LH03LEG-L,1
10102,H207671,3.0,CH271-35 SP/197,3
10103,H207671,1.0,CH1070-03L SP/207,1
10104,H207671,1.0,CH1070-17 SP/207,1
10105,H207671,1.0,CH271E-41 SP/172,1
10106,H207671,1.0,CH271E-49 SP/172,1
10107,H207671,1.0,CH271E-17 SP/172,1
10108,H207671,1.0,CH271E-09 SP/198,1
10109,H207671,1.0,CH271E-49 SP/198,1
10110,H207671,1.0,CH1072-20SET SP/183,1
10111,H207671,1.0,CH1072-32LSET SP/183,1
10112,H207671,1.0,CH271E-42 SP/195,1
10113,H207671,1.0,CH271E-50 SP/195,1
10114,H207671,1.0,CH271-35 SP/195,1
10115,H207671,1.0,CH271E-09 SP/209,1
10116,H207671,1.0,CH271E-49 SP/209,1
10117,H207671,1.0,CH271E-49 SP/194,1
10118,H207671,1.0,CH271E-17 SP/194,1
10119,H207672,22.0,CH1104-3P BW SN/56 SN/50,22
10120,H207672,15.0,CH1104-2.5P BW SN/56 SN/50,15
10121,H207672,7.0,CH1104-3P BW SN/45,7
10122,H207672,14.0,CH1104-2.5P BW SN/45,14
10123,H207672,20.0,CH1104-59 SN/56,20
10124,H207672,30.0,NF-50 SN/42,30
10125,H207672,30.0,NF-50 SN/19,30
10126,H207672,20.0,NF-50 SN/45,20
10127,H207672,1.0,CH1104-2.5P BW SN/01 SP/181,1
10128,H207672,2.0,CH1104-59 SN/01,2
10130,H207673,1.0,CH232W-03 座クッション中身,1
10131,H207673,1.0,CH232W-08 座クッション中身,1
10132,H207673,3.0,CH232W-37 クッション中身,3
10133,H207672,1.0,CH1104-3P BW SP/172 SP/176,1
10134,H207672,1.0,CH1104-0.5P BW SP/172 SP/176,1
10173,H207674,1.0,LH03-06 SP/207,1
10174,H207674,2.0,LH03LEG-L,2
10175,H207674,1.0,LH03-731 SP/207,1
10176,H207674,2.0,CH232W-08 SP/197,2
10177,H207674,1.0,CH232W-37 SP/197,1
10178,H207674,2.0,CH232W-08C SN/03,2
10179,H207674,3.0,CH232W-37C SN/03,3
10180,H207674,1.0,CH232W-09C SP/181,1
10181,H207674,1.0,CH232W-03C SP/181,1
10182,H207674,4.0,CH232W-37C SP/181,4
10183,H207674,1.0,TF943B-06 DB SP/209,1
10184,H207674,1.0,TF943B-50 DB SP/209,1
10185,H207674,1.0,CH271E-08 SP/172,1
10186,H207674,1.0,CH271E-50 SP/172,1
10187,H207674,1.0,CH1100-2PSET SP/207,1
10188,H207674,1.0,CH1100-0.5P SP/207,1
10189,H207674,2.0,TF943B-06 DB ﾁﾘ25,2
10190,H207674,2.0,TF943B-50 DB ﾁﾘ25,2
10191,H207674,5.0,TF943B-06 DB ﾁﾘ17,5
10192,H207674,5.0,TF943B-50 DB ﾁﾘ17,5
10193,H207674,5.0,TF943B-07 DB ﾁﾘ17,5
10194,H207674,5.0,TF943B-49 DB ﾁﾘ17,5
10195,H207674,3.0,TF943B-03 DB ﾁﾘ25,3
10196,H207674,2.0,TF943B-17 DB ﾁﾘ25,2
10197,H207674,1.0,TF943B-17 DB ﾁﾘ17,1
10198,H207674,5.0,KY001-16F SP/183,5
10199,H207674,2.0,KY001-16F SP/197,2
10200,H207674,6.0,CH261-03+17 SP/192 SP/196,6
10201,H207674,6.0,CH356-59 SP/192,6
10202,H207674,1.0,CH261-03+17 SP/192 SP/196,1
10203,H207674,1.0,CH356-59 SP/192,1
10204,H207674,1.0,CH907-49 SP/126N,1
10206,H207674,1.0,CH907-07C SP/126N,1
10207,H207674,1.0,CH907-37C SP/126N,1
10208,H207674,1.0,CH406-06 B3002,1
10209,H207674,1.0,CH406-50 B3002,1
10210,H207674,1.0,CH1130-3P SP/180,1
10211,H207674,2.0,CH1130-7030 SP/180,2
10212,H207674,1.0,TF943B-49 DB SP/197,1
10213,H207674,1.0,TF943B-07 DB SP/197,1
