002SN/01,,,,50,002SN/01
002SP/181,,,,50,002SP/181
002SP/183,,,,200,002SP/183
014CH271-35,,,,20,014CH271-35
014CH271E-03B,,,,4,014CH271E-03B
014CH271E-41B,,,,2,014CH271E-41B
014CH271E-49B,,,,2,014CH271E-49B
013CH232W-37C SN/03,,,,20,013CH232W-37C SN/03
013CH271I-42C SN/03,,,,10,013CH271-42C SN/03
013CH271-37C SP/183,,,,30,013CH271-37C SP/183
013CH1070-17C SP/176,,,,2,013CH1070-17C SP/176
013CH1070-03LC SP/183,,,,2,013CH1070-03LC SP/183
014CH1070-17B,,,,2,014CH1070-17B
014N528-36,,,,20,014N528-36
014N528-37,,,,50,014N528-37
014N528-49/50/03ARM,,,,50,014N528-49/50/03ARM
014N528-49/50SE,,,,30,014N528-49/50SE
014N528-49/50ZA,,,,40,014N528-49/50ZA
014CH232W-37,セット品,,,0,014CH232W-37
014CH271-37,セット品,,,12,014CH271-37
014CH261-17B,セット品,,,0,014CH261-17B
CH271-35 SP/198,JUC000012341,2020/08/04,2020/10/08,1,CH271   0001069
CH232W-09 SP/198,JUC000012382,2020/08/05,2020/10/08,1,CH232   0001671
CH232W-17 SP/198,JUC000012382,2020/08/05,2020/10/08,1,CH232   0001829
CH232W-35 SP/198,JUC000012382,2020/08/05,2020/10/08,1,CH232   0001348
CH232W-37 SP/198,JUC000012382,2020/08/05,2020/10/08,1,CH232   0001641
CH232W-09 SP/196,JUC000012398,2020/08/06,2020/10/09,1,CH232   0001610
CH232W-49 SP/196,JUC000012398,2020/08/06,2020/10/09,1,CH232   0001611
CH232W-37 SP/196,JUC000012398,2020/08/06,2020/10/09,2,CH232   0001447
CH232W-03 SP/180,JUC000012416,2020/08/06,2020/10/08,1,CH232   0001341
CH232W-37 SP/180,JUC000012416,2020/08/06,2020/10/08,2,CH232   0001050
LH03-20 SP/183,JUC000012478,2020/08/07,2020/10/09,1,LH03    0000153
CH271E-03 SP/192,JUC000012484,2020/08/07,2020/10/08,2,CH271   0001497
CH271E-03 SP/192,JUC000012484,2020/08/07,2020/10/08,1,CH271   0001597
CH271-37 SP/192,JUC000012484,2020/08/07,2020/10/08,6,CH271   0000873
CH271-35 SP/192,JUC000012484,2020/08/07,2020/10/08,1,CH271   0000890
CH271-35 SP/191,JUC000012484,2020/08/07,2020/10/08,1,CH271   0001051
CH271-08C SP/192,JUC000012526,2020/08/14,2020/10/08,1,CH271   0001747
CH271-37C SP/192,JUC000012526,2020/08/14,2020/10/08,1,CH271   0001266
CH271-37C SP/192,JUC000012526,2020/08/14,2020/10/08,1,CH271   0001266
CH271-50C SP/207,JUC000012539,2020/08/14,2020/10/08,1,CH271   0001240
CH271-42C SP/207,JUC000012539,2020/08/14,2020/10/08,1,CH271   0001748
CH271-17C SP/207,JUC000012539,2020/08/14,2020/10/08,1,CH271   0001749
CH271-37C SP/207,JUC000012539,2020/08/14,2020/10/08,2,CH271   0001242
CHY038-14F SP/190,JUC000012544,2020/08/14,2020/10/06,1,CHY038  0000009
CH232-07C SP/182,JUC000012551,2020/08/14,2020/10/08,1,CH232   0001831
CH232-49C SP/182,JUC000012551,2020/08/14,2020/10/08,1,CH232   0001832
CH232W-37C SP/182,JUC000012551,2020/08/14,2020/10/08,2,CH232   0001833
CH1070-03L SP/209,JUC000012569,2020/08/14,2020/10/16,1,CH1070  0000070
CH1070-17 SP/209,JUC000012569,2020/08/14,2020/10/16,1,CH1070  0000071
CH271-35 SP/191,JUC000012581,2020/08/14,2020/10/09,1,CH271   0001051
CH1072-32LSET SP/190,JUC000012585,2020/08/14,2020/10/09,1,CH1072  0000092
CH271E-49 SP/192,JUC000012588,2020/08/14,2020/10/14,1,CH271   0001302
CH271E-41 SP/192,JUC000012588,2020/08/14,2020/10/14,1,CH271   0001538
CH271-37 SP/192,JUC000012588,2020/08/14,2020/10/14,2,CH271   0000873
CH271E-09 SP/192,JUC000012596,2020/08/14,2020/10/08,1,CH271   0001303
CH271E-49 SP/192,JUC000012596,2020/08/14,2020/10/08,1,CH271   0001302
CH271-37 SP/192,JUC000012596,2020/08/14,2020/10/08,2,CH271   0000873
CH271E-41 SP/172,JUC000012598,2020/08/14,2020/10/08,1,CH271   0001600
CH271E-49 SP/172,JUC000012598,2020/08/14,2020/10/08,1,CH271   0001601
CH271-37 SP/172,JUC000012598,2020/08/14,2020/10/08,2,CH271   0000923
CH951-03C HSQ9053Z21,JUC000012602,2020/08/14,2020/10/16,1,CH951   0000006
CH951-17C HSQ9053Z21,JUC000012602,2020/08/14,2020/10/16,1,CH951   0000007
CH951-59C HSQ9053Z21,JUC000012602,2020/08/14,2020/10/16,2,CH951   0000008
LH03-07 HSQ9053Z/14,JUC000012604,2020/08/14,2020/10/16,1,LH03    0000018
LH03-632 HSQ9053Z/14,JUC000012604,2020/08/14,2020/10/16,1,LH03    0000019
CH271E-50 SP/209,JUC000012605,2020/08/14,2020/10/13,1,CH271   0001415
CH271E-08 SP/209,JUC000012605,2020/08/14,2020/10/13,1,CH271   0001417
CH271-37 SP/209,JUC000012605,2020/08/14,2020/10/13,2,CH271   0000877
CH271E-17 SP/209,JUC000012605,2020/08/14,2020/10/13,1,CH271   0001290
LH03-06 SP/209,JUC000012607,2020/08/14,2020/10/18,1,LH03    0000156
LH03-731 SP/209,JUC000012607,2020/08/14,2020/10/18,1,LH03    0000171
CH271E-42 SP/198,JUC000012682,2020/08/17,2020/10/09,1,CH271   0001736
CH271E-50 SP/198,JUC000012682,2020/08/17,2020/10/09,1,CH271   0001484
CH271-37 SP/198,JUC000012682,2020/08/17,2020/10/09,2,CH271   0000899
CH271E-42 SP/198,JUC000012684,2020/08/17,2020/10/08,1,CH271   0001736
CH271E-50 SP/198,JUC000012684,2020/08/17,2020/10/08,1,CH271   0001484
CH271-37 SP/198,JUC000012684,2020/08/17,2020/10/08,2,CH271   0000899
CH271E-49 SP/178,JUC000012686,2020/08/17,2020/10/01,1,CH271   0001755
CH271E-09 SP/178,JUC000012686,2020/08/17,2020/10/01,1,CH271   0001756
CH271-37 SP/178,JUC000012686,2020/08/17,2020/10/01,2,CH271   0000841
CH271E-49 SP/207,JUC000012704,2020/08/17,2020/10/08,1,CH271   0001654
CH271E-41 SP/207,JUC000012704,2020/08/17,2020/10/08,1,CH271   0001757
CH271E-17 SP/207,JUC000012704,2020/08/17,2020/10/08,1,CH271   0001596
CH271-35 SP/207,JUC000012704,2020/08/17,2020/10/08,2,CH271   0000983
CH271-37 SP/207,JUC000012704,2020/08/17,2020/10/08,2,CH271   0000901
CH271-49C SP/199,JUC000012706,2020/08/17,2020/10/03,1,CH271   0001727
CH271-09C SP/199,JUC000012706,2020/08/17,2020/10/03,1,CH271   0000906
CH271-37C SP/199,JUC000012706,2020/08/17,2020/10/03,2,CH271   0000907
CH271E-42 SP/190,JUC000012730,2020/08/17,2020/10/09,1,CH271   0001462
CH271E-50 SP/190,JUC000012730,2020/08/17,2020/10/09,1,CH271   0001461
CH271-35 SP/195,JUC000012730,2020/08/17,2020/10/09,2,CH271   0000859
CH271-37 SP/190,JUC000012730,2020/08/17,2020/10/09,2,CH271   0000738
CH271E-50 SP/209,JUC000012736,2020/08/17,2020/10/14,1,CH271   0001415
CH271E-42 SP/209,JUC000012736,2020/08/17,2020/10/14,1,CH271   0001439
CH271-37 SP/209,JUC000012736,2020/08/17,2020/10/14,2,CH271   0000877
CH232W-50 SP/178,JUC000012741,2020/08/17,2020/10/16,1,CH232   0001845
CH232W-08 SP/178,JUC000012741,2020/08/17,2020/10/16,1,CH232   0001846
CH232W-37 SP/178,JUC000012741,2020/08/17,2020/10/16,1,CH232   0001847
CH232W-37 SP/178,JUC000012741,2020/08/17,2020/10/16,2,CH232   0001847
CH271E-49 SP/199,JUC000012745,2020/08/17,2020/10/09,1,CH271   0001759
CH271E-41 SP/199,JUC000012745,2020/08/17,2020/10/09,1,CH271   0001760
CH271-35 SP/199,JUC000012745,2020/08/17,2020/10/09,2,CH271   0000978
CH271-37 SP/199,JUC000012745,2020/08/17,2020/10/09,2,CH271   0001168
CH271E-42 SP/196,JUC000012748,2020/08/17,2020/10/14,1,CH271   0001754
CH271E-50 SP/196,JUC000012748,2020/08/17,2020/10/14,1,CH271   0001513
CH271-37 SP/196,JUC000012748,2020/08/17,2020/10/14,2,CH271   0000918
CH271-42C SN/03,JUC000012748,2020/08/17,2020/10/14,1,CH271   0001761
CH271-50C SN/03,JUC000012748,2020/08/17,2020/10/14,1,CH271   0001762
CH271-37C SN/03,JUC000012748,2020/08/17,2020/10/14,2,CH271   0001763
CH271E-41 SP/207,JUC000012759,2020/08/17,2020/10/13,1,CH271   0001757
CH271E-49 SP/207,JUC000012759,2020/08/17,2020/10/13,1,CH271   0001654
CH271-37 SP/207,JUC000012759,2020/08/17,2020/10/13,2,CH271   0000901
CH271-41C SN/03,JUC000012759,2020/08/17,2020/10/13,1,CH271   0001764
CH271-49C SN/03,JUC000012759,2020/08/17,2020/10/13,1,CH271   0001765
CH271-37C SN/03,JUC000012759,2020/08/17,2020/10/13,2,CH271   0001763
LH03-06C SN/02,JUC000012767,2020/08/17,2020/10/16,1,LH03    0000172
LH03-731C SN/02,JUC000012767,2020/08/17,2020/10/16,1,LH03    0000173
CH271E-42 SP/207,JUC000012790,2020/08/17,2020/10/08,1,CH271   0001488
CH271E-50 SP/207,JUC000012790,2020/08/17,2020/10/08,1,CH271   0001295
CH271-37 SP/207,JUC000012790,2020/08/17,2020/10/08,2,CH271   0000901
