,ç›å…,éÛíç
001JZ02,0,0
001SP/70,0,0
001SP/71,0,0
001SP/72,0,0
00218/2550,25,0
00218/2557,6,0
00218/2559,0,0
00222/2286,0,0
00222/2298,0,1
00222/2393,0,12
00222/2459,277,5
00222/2600,163,75
00222/2601,51,56
00222/2602,2,0
00222/2603,1,0
00222/2604,11,0
00222/2605,0,0
00222/2607,221,58
00222/2608,0,0
00222/2614,85,2
00222/2618,64,88
00222/2619,103,43
00222/2800,33,16
00222/2802,31,12
00222/2806,44,0
00222/2807,55,8
00222/2808,42,0
00228/2140,95,62
00228/2149,220,5
00228/2305,0,0
00228/2448,13,8
00228/2520,354,51
00228/2522,169,64
00228/2525,293,44
00228/2526,0,0
00228/2527,240,0
00228/2529,95,35
00228/4100,4,0
00228/4102,0,0
00228/4103,5,0
00228/4104,0,0
00228/4105,96,15
00228/4106,92,10
00228/4107,130,38
00228/4108,1,0
00228/4109,63,23
00228/4160,339,45
00228/4161,234,31
00228/4162,358,29
00228/4164,35,0
00228/4202,66,6
00228/4205,67,4
00228/4209,32,5
00228/8800,172,12
00228/8801,209,2
00228/8807,98,11
00228/8809,284,32
00238/2012,23,17
00238/2016,1,0
00238/2206,48,0
00238/2207,45,7
00238/2230,66,4
00238/2232,88,21
00238/2238,30,38
00238/2306,19,3
00238/2309,42,0
00238/2350,111,9
00238/2352,188,154
00238/2356,175,0
00238/2358,127,28
00238/2438,182,0
00238/2439,6,0
00238/2542,179,60
00238/2546,136,236
00238/2549,302,20
00238/2550,82,6
00238/2551,81,24
00238/2552,162,0
00238/2554,94,7
00238/2556,116,18
00238/2558,177,59
00238/2559,154,21
00238/2560,12,0
00238/2567,83,66
00238/2568,312,143
00238/2690,324,146
00238/2692,402,37
00238/2696,241,8
00238/4222,85,21
00238/4226,73,16
00238/4228,320,112
00238/6171,109,1
00238/6174,85,72
00238/6177,141,73
00238/6178,740,622
002382559P,0,0
00248/2003,61,7
00248/2005,78,7
00248/2007,35,4
00248/2009,103,1
00248/2200,143,2
00248/2206,99,6
00248/2207,143,5
00248/2400,79,21
00248/2402,67,32
00248/2406,130,0
00248/2600,85,27
00248/2608,61,3
00248/2609,92,25
00248/4501,47,25
00248/4507,89,14
00248/4508,0,2
00248/4724,0,0
00248/4727,0,0
00248/4942,55,5
00248/4943,42,12
00248/4944,57,44
00248/4947,92,7
00248/6000,176,106
00248/6002,214,27
00248/6009,338,19
00248/6302,122,11
00248/6304,91,9
00248/6306,68,5
00248/6308,9,3
00248/8144,0,0
00248/8145,152,27
00248/8148,31,2
00258/2272,419,42
00258/2274,0,0
00258/2276,340,21
00258/2279,154,81
00258/2760,0,0
00258/2762,0,0
00258/2767,0,0
00258/2769,0,0
00258/2791,0,0
00258/2792,0,0
00258/2794,0,0
00258/2796,0,0
00258/2797,0,0
00258/6092,186,41
00268/2704,0,0
00268/2705,0,0
00268/2707,0,0
002FIT/BE,5,0
002FIT/DBR,3,0
002FIT/DGY,8,0
002FIT/GRY,12,0
002FIT/NV,10,0
002FIT/PA,32,0
002SN/01,103,8
002SN/02,106,13
002SN/03,288,8
002SO/11,4,0
002SO/12,34,32
002SO/13,7,0
002SO/14,18,0
002SP/122N,127,7
002SP/126N,62,0
002SP/140,38,6
002SP/150,51,0
002SP/156,0,15
002SP/180,120,49
002SP/181,204,56
002SP/182,103,36
002SP/183,382,27
002SP/184,110,27
002SP/209,0,0
002SP/70,20,7
002SP/72,27,0
004L6/156,865,0
006TYPE-FN D,0,0
006TYPE-FN HQ,0,0
006TYPE-FN S,0,0
006TYPE-FN SD,0,0
007R121-“∂∆Ωﬁ—,71,1
007S544-214088,293,54
007S544-438537,813,54
007S544-444594,185,27
007S544-444595,169,27
007S544-447594,83,27
007S544-447595,85,27
007S544-447596,83,27
007S544-447597,80,27
007∂≤Õ≤∂≈∏ﬁ 350176,37,2
007∂≤Õ≤∂≈∏ﬁ 350177,37,2
007⁄›π¬VBS/PL110,149,0
013CH1069-02C SP/176,4,0
013CH1069-02C SP/178,3,1
013CH1069-02C SP/197,5,0
013CH1069-02C SP/198,6,0
013CH1069-03C SP/176,5,0
013CH1069-03C SP/178,7,5
013CH1069-03C SP/197,10,1
013CH1069-03C SP/198,11,0
013CH1069-59C SP/176,2,0
013CH1069-59C SP/178,4,4
013CH1069-59C SP/197,8,2
013CH1069-59C SP/198,11,0
013CH1070-03C SN/02,7,3
013CH1070-03C SN/03,7,1
013CH1070-03C SP/180,4,1
013CH1070-03C SP/183,10,1
013CH1070-03LC SN/02,0,0
013CH1070-03LC SN/03,6,0
013CH1070-03LC SP/180,2,0
013CH1070-03LC SP/183,8,5
013CH1070-17C SN/02,4,1
013CH1070-17C SN/03,6,0
013CH1070-17C SP/176,2,0
013CH1070-17C SP/178,1,1
013CH1070-17C SP/180,3,0
013CH1070-17C SP/183,9,0
013CH1070-17C SP/197,3,0
013CH1070-17C SP/198,3,0
013CH232-03C SP/184,4,0
013CH232-06C SP/183,1,0
013CH232-07C SP/180,1,0
013CH232-07C SP/182,1,0
013CH232-07C SP/184,1,0
013CH232-08C SP/180,15,0
013CH232-08C SP/181,2,0
013CH232-08C SP/182,7,0
013CH232-08C SP/183,1,0
013CH232-08C SP/184,1,0
013CH232-09C SP/180,10,0
013CH232-09C SP/182,1,0
013CH232-09C SP/184,3,0
013CH232-49C SP/126N,2,0
013CH232-49C SP/180,8,0
013CH232-49C SP/181,3,0
013CH232-49C SP/182,7,0
013CH232-49C SP/184,2,0
013CH232-50C SP/180,12,0
013CH232-50C SP/181,1,0
013CH232-50C SP/182,5,0
013CH232-50C SP/183,5,0
013CH232W-17C SN/02,1,0
013CH232W-35C SN/01,9,0
013CH232W-35C SN/02,9,0
013CH232W-35C SN/03,6,2
013CH232W-35C SO/11,5,0
013CH232W-35C SO/12,11,0
013CH232W-35C SO/14,5,0
013CH232W-35C SP/122N,4,0
013CH232W-35C SP/126N,77,0
013CH232W-35C SP/140,1,0
013CH232W-35C SP/146,2,0
013CH232W-35C SP/156,5,0
013CH232W-35C SP/158,1,0
013CH232W-35C SP/180,1,0
013CH232W-35C SP/181,7,0
013CH232W-35C SP/183,8,0
013CH232W-35C SP/184,19,2
013CH232W-35C SP/207,2,0
013CH232W-35C SP/70,13,0
013CH232W-35C SP/72,5,0
013CH232W-37C SN/01,2,2
013CH232W-37C SN/02,23,10
013CH232W-37C SN/03,29,31
013CH232W-37C SP/122N,10,6
013CH232W-37C SP/126N,20,0
013CH232W-37C SP/140,1,0
013CH232W-37C SP/146,1,0
013CH232W-37C SP/180,12,0
013CH232W-37C SP/182,10,0
013CH232W-37C SP/184,2,0
013CH232W-37C SP/206,2,0
013CH232WI-03C SN/01,2,1
013CH232WI-03C SN/02,5,4
013CH232WI-03C SN/03,10,4
013CH232WI-03C SP/122N,7,2
013CH232WI-03C SP/126N,3,0
013CH232WI-03C SP/181,1,0
013CH232WI-03C SP/184,1,0
013CH232WI-06C SN/01,3,0
013CH232WI-06C SN/02,4,1
013CH232WI-06C SN/03,4,1
013CH232WI-06C SP/122N,3,0
013CH232WI-06C SP/126N,4,0
013CH232WI-06C SP/180,2,0
013CH232WI-06C SP/181,5,0
013CH232WI-06C SP/182,5,0
013CH232WI-06C SP/184,4,0
013CH232WI-07C SN/01,1,0
013CH232WI-07C SN/02,3,0
013CH232WI-07C SN/03,4,1
013CH232WI-07C SP/122N,4,0
013CH232WI-07C SP/126N,7,0
013CH232WI-07C SP/180,1,0
013CH232WI-07C SP/181,5,0
013CH232WI-07C SP/182,2,0
013CH232WI-07C SP/183,6,0
013CH232WI-07C SP/184,3,0
013CH232WI-08C SN/01,8,1
013CH232WI-08C SN/02,9,0
013CH232WI-08C SN/03,11,7
013CH232WI-08C SP/122N,5,1
013CH232WI-08C SP/126N,3,0
013CH232WI-08C SP/182,6,0
013CH232WI-08C SP/184,8,0
013CH232WI-09C SN/01,6,1
013CH232WI-09C SN/02,9,0
013CH232WI-09C SN/03,14,3
013CH232WI-09C SP/122N,6,0
013CH232WI-09C SP/126N,4,0
013CH232WI-09C SP/206,1,0
013CH232WI-17C SN/01,1,1
013CH232WI-17C SN/02,7,1
013CH232WI-17C SN/03,5,2
013CH232WI-17C SP/122N,3,1
013CH232WI-17C SP/126N,3,0
013CH232WI-17C SP/181,3,0
013CH232WI-17C SP/184,8,0
013CH232WI-49C SN/01,5,1
013CH232WI-49C SN/02,8,0
013CH232WI-49C SN/03,10,1
013CH232WI-49C SP/122N,11,0
013CH232WI-49C SP/126N,5,0
013CH232WI-49C SP/180,4,0
013CH232WI-49C SP/206,1,0
013CH232WI-50C SN/01,3,1
013CH232WI-50C SN/02,7,1
013CH232WI-50C SN/03,14,5
013CH232WI-50C SP/122N,5,0
013CH232WI-50C SP/126N,8,0
013CH232WI-50C SP/180,3,0
013CH232WI-50C SP/181,2,0
013CH232WI-50C SP/182,2,0
013CH232WI-50C SP/184,7,0
013CH271-35C SN/01,5,0
013CH271-35C SN/02,4,0
013CH271-35C SN/03,6,0
013CH271-35C SP/122N,5,2
013CH271-35C SP/126N,5,3
013CH271-35C SP/150,1,0
013CH271-35C SP/156,7,0
013CH271-35C SP/158,8,0
013CH271-35C SP/180,4,0
013CH271-35C SP/181,0,1
013CH271-35C SP/182,4,2
013CH271-35C SP/183,5,0
013CH271-35C SP/184,5,1
013CH271-35C SP/70,1,0
013CH271-37C SN/01,18,6
013CH271-37C SN/02,42,14
013CH271-37C SN/03,44,4
013CH271-37C SP/122N,14,9
013CH271-37C SP/126N,17,2
013CH271-37C SP/152,1,0
013CH271-37C SP/180,10,18
013CH271-37C SP/181,18,17
013CH271-37C SP/182,13,1
013CH271-37C SP/183,48,33
013CH271-37C SP/184,4,3
013CH271I-03C SN/01,1,1
013CH271I-03C SN/02,5,3
013CH271I-03C SN/03,6,0
013CH271I-03C SP/122N,4,2
013CH271I-03C SP/126N,3,1
013CH271I-03C SP/180,2,2
013CH271I-03C SP/181,4,1
013CH271I-03C SP/182,5,0
013CH271I-03C SP/183,6,5
013CH271I-03C SP/184,2,1
013CH271I-06C SP/122N,2,0
013CH271I-06C SP/126N,2,0
013CH271I-07C SP/122N,2,0
013CH271I-07C SP/126N,4,0
013CH271I-08C SN/01,3,0
013CH271I-08C SN/02,7,0
013CH271I-08C SN/03,9,0
013CH271I-08C SP/122N,5,1
013CH271I-08C SP/126N,6,1
013CH271I-08C SP/180,1,1
013CH271I-08C SP/181,3,4
013CH271I-08C SP/182,3,1
013CH271I-08C SP/183,8,6
013CH271I-08C SP/184,3,0
013CH271I-09C SN/01,3,1
013CH271I-09C SN/02,6,3
013CH271I-09C SN/03,9,1
013CH271I-09C SP/122N,4,2
013CH271I-09C SP/126N,4,0
013CH271I-09C SP/180,2,1
013CH271I-09C SP/181,3,2
013CH271I-09C SP/182,3,0
013CH271I-09C SP/183,8,4
013CH271I-09C SP/184,1,0
013CH271I-17C SN/01,3,0
013CH271I-17C SN/02,4,2
013CH271I-17C SN/03,6,0
013CH271I-17C SP/122N,3,1
013CH271I-17C SP/126N,3,0
013CH271I-17C SP/180,2,2
013CH271I-17C SP/181,2,1
013CH271I-17C SP/182,4,0
013CH271I-17C SP/183,4,3
013CH271I-17C SP/184,1,1
013CH271I-41C SN/01,2,0
013CH271I-41C SN/02,6,1
013CH271I-41C SN/03,8,0
013CH271I-41C SP/122N,3,0
013CH271I-41C SP/126N,5,0
013CH271I-41C SP/180,6,0
013CH271I-41C SP/181,5,0
013CH271I-41C SP/182,5,0
013CH271I-41C SP/183,7,0
013CH271I-41C SP/184,4,0
013CH271I-42C SN/01,1,1
013CH271I-42C SN/02,4,0
013CH271I-42C SN/03,7,1
013CH271I-42C SP/122N,3,0
013CH271I-42C SP/126N,4,0
013CH271I-42C SP/180,2,5
013CH271I-42C SP/181,2,1
013CH271I-42C SP/182,4,0
013CH271I-42C SP/183,12,2
013CH271I-42C SP/184,3,0
013CH271I-49C SN/01,2,1
013CH271I-49C SN/02,13,3
013CH271I-49C SN/03,16,1
013CH271I-49C SP/122N,3,1
013CH271I-49C SP/126N,4,0
013CH271I-49C SP/180,1,2
013CH271I-49C SP/181,3,1
013CH271I-49C SP/182,4,0
013CH271I-49C SP/183,16,3
013CH271I-49C SP/184,2,0
013CH271I-50C SN/01,4,1
013CH271I-50C SN/02,10,0
013CH271I-50C SN/03,13,1
013CH271I-50C SP/122N,4,1
013CH271I-50C SP/126N,7,1
013CH271I-50C SP/180,2,5
013CH271I-50C SP/181,3,6
013CH271I-50C SP/182,5,0
013CH271I-50C SP/183,19,8
013CH271I-50C SP/184,2,0
013CH27II-42C SP/122N,2,0
013CH351-02C SP/70,0,0
013CH351-02C SP/72,0,0
013CH351-03C SP/70,0,0
013CH351-03C SP/71,2,0
013CH351-03C SP/72,0,0
013CH351-06C SP/70,0,0
013CH351-06C SP/71,0,0
013CH351-06C SP/72,2,0
013CH351-07C SP/70,0,0
013CH351-07C SP/71,0,0
013CH351-07C SP/72,0,0
013CH351-17C SP/70,4,0
013CH351-17C SP/71,4,0
013CH351-17C SP/72,0,0
013CH351-17LC SP/70,0,0
013CH351-17LC SP/72,0,0
013CH351-49C SP/70,2,0
013CH351-49C SP/71,0,0
013CH351-49C SP/72,0,0
013CH351-49SC SP/70,3,0
013CH351-49SC SP/72,0,0
013CH351-50C SP/70,0,0
013CH351-50C SP/71,0,0
013CH351-50C SP/72,0,0
013CH351-50SC SP/70,0,0
013CH351-50SC SP/72,0,0
013ICR-10MC,0,0
013ICR-14MC,0,0
013LH03S-17LC HE28225,0,0
014CE-720D,151,6
014CE-720LNB6NN,138,5
014CE-720W77HGB6,11,1
014CE-720W77LNB6NN,17,0
014CE-720W79HGB6,0,0
014CE-720W79LNB6NN,8,0
014CE-721D,19,0
014CE-721LNB6NN,5,0
014CE-721W77HGB6,0,0
014CE-721W77LNB6NN,0,0
014CE-721W79HGB6,0,0
014CE-721W79LNB6NN,10,0
014CE-723D,29,0
014CE-723LNB6NN,6,4
014CE-723W77D,-16,4
014CE-723W77HGB6,7,0
014CE-723W77LNB6NN,14,0
014CE-723W79D,-10,0
014CE-723W79HGB6,0,0
014CE-723W79LNB6NN,10,0
014CE-72G,394,12
014CE-72H,392,12
014CE-72W77G,-32,8
014CE-72W77H,-32,8
014CE-72W79G,-20,0
014CE-72W79H,-20,0
014CE721B,11,0
014CE723B,11,0
014CE88- ﬁ»,47,0
014CH1022-03 SP/180,0,0
014CH1022-03 SP/183,0,0
014CH1022-03 ¡ÿ56,0,0
014CH1068LEG-NA,0,0
014CH1069-02B,10,1
014CH1069-03B,9,6
014CH1069-59B,12,6
014CH1070-03B,5,6
014CH1070-03LB,8,5
014CH1070-17B,6,2
014CH1071LEG-NA,26,0
014CH232-35,0,0
014CH232-37,26,0
014CH232LEG,122,0
014CH232W-03B,19,14
014CH232W-06B,2,5
014CH232W-07B,3,4
014CH232W-08B,13,9
014CH232W-09B,10,5
014CH232W-17B,20,4
014CH232W-35,16,16
014CH232W-37,169,63
014CH232W-49B,21,4
014CH232W-50B,21,7
014CH261-02LB,17,3
014CH261-03B,48,11
014CH261-17B,55,13
014CH261ŒºﬁÆ±º,90,19
014CH271-03B,13,16
014CH271-17B,5,14
014CH271-35,44,17
014CH271-37,321,106
014CH271-41B,11,2
014CH271-42B,11,9
014CH271-LEG DB,426,81
014CH271-LEG NA,170,20
014CH271N-08B,31,13
014CH271N-09B,31,12
014CH271N-49B,19,14
014CH271N-50B,20,21
014CH272-032B,0,0
014CH272-033B,0,0
014CH272-17B,0,0
014CH351-02B,9,3
014CH351-03B,16,14
014CH351-06B,12,7
014CH351-07B,19,4
014CH351-17B,12,3
014CH351-17LB,5,0
014CH351-49B,17,4
014CH351-50B,14,7
014CH351-59B,0,0
014CH351LEG,0,0
014CH356-59B,41,17
014CH406-02B,0,0
014CH406-03B,0,0
014CH406-06B,0,0
014CH406-07B,0,0
014CH406-49B,0,0
014CH406-50B,0,0
014CH406N-03ªL,0,0
014CH406N-03ªR,0,0
014F780-97F,15,2
014KL172-35,8,0
014KL172-ARM,11,0
014KL294-08/09B,2,0
014KL686-17B,4,0
014KL686-41B,0,0
014KL686-41NB,6,0
014KL686-42B,0,0
014KL686-42NB,9,0
014LEG60PI-DB,1054,246
014LEG60PI-NA,140,43
014LH03SLEG-L,13,0
014LH03SLEG-S,6,0
014MOLDF-GR,48,0
014N264-F,273,256
014N419-35,0,0
014N419-37,0,0
014N419-41/42ZA,0,0
014N419-49/50ZA,0,0
014N528-02LSE,0,0
014N528-02LZA,0,0
014N528-02SE,23,1
014N528-02ZA,23,1
014N528-03SE,16,2
014N528-03ZA,14,2
014N528-17ZA,78,47
014N528-35,109,67
014N528-36,214,155
014N528-37,384,223
014N528-41/42SE,132,93
014N528-41/42ZA,158,93
014N528-41S/42SSE,47,31
014N528-41S/42SZA,50,31
014N528-49/50/03ARM,216,173
014N528-49/50SE,255,167
014N528-49/50ZA,246,167
014N528-F,1185,682
014N666LEG-DB,126,40
014N666LEG-NA,92,53
014N749-03ZA,24,0
014N749-17ZA,1,7
014N749-35,25,0
014N749-36,53,0
014N749-37,16,0
014N749-49ZA,4,0
014N749-50ZA,31,0
014T323LEG-DB,863,34
014T323LEG-DBƒ∏,0,0
014T323LEG-NA,250,4
014T516LEG,34,0
014T517-06/07SE,31,16
014T517-06/07ZA,30,16
014T517-08/09/10SES,20,0
014T517-08/09/10ZA,72,32
014T517-08/09SEL,19,15
014T517-10/08/09SES,49,17
014T517-17LZA,12,2
014T517-17SZA,0,14
014T517-20SE,12,14
014T517-20ZA,16,14
014T517-49/50ARM,43,25
014T517-49/50SE-1,44,25
014T517-49/50SE-2,36,25
014T517-49/50ZA-1,47,25
014T517-49/50ZA-2,44,25
014T521-01HSE,6,0
014T521-01LSE,0,0
014T521-01ZA,6,0
014T521-02HSE,8,0
014T521-02LSE,0,0
014T521-02ZA,8,0
014T521-03HSE,10,0
014T521-03LSE,14,0
014T521-03ZA,34,0
014T521-17ZA,8,0
014T521-501,0,0
014T521-502,-1,1
014T521-503,0,0
014T521-504,0,0
014T521-505,-1,4
014T521-506,0,0
014T521-600,-1,4
014T521-601,-1,1
014T521-602,0,0
014T521-603,-1,4
014T521-701,-20,10
014T521-ARM,40,0
014T521-F,948,36
014T523LEG-DB,1302,313
014T523LEG-NA,-17,0
014T723-02ZA,0,0
014T723-03/08/09ZA,0,0
014T723-06/07ZA,0,0
014T723-08/09ZA,0,0
014T723-17ZA,0,0
014T723-49/50ZA,0,0
014T725LEG-DB,85,56
014T725LEG-NA,87,4
014T880-02/03/04ARM,0,0
014T880-02SE,0,0
014T880-02ZA,0,0
014T880-03SE,0,0
014T880-03ZA,0,0
014T880-04SEC,0,0
014T880-04SEL/R,0,0
014T880-04ZAC,0,0
014T880-04ZAL/R,0,0
014T880-17ZA,0,0
015ERGO-BLUE  ﬂ∞¬,2170,0
015ERGO-GREEN  ﬂ∞¬,930,0
015ERGO-RED  ﬂ∞¬,620,0
015ERGO-YELLOW  ﬂ∞¬,589,0
015ICR-10M±≥¿∞∂ ﬁ∞,13,4
015ICR-10M≤›≈∞∂ ﬁ∞,-8,4
015ICR-10M≤›≈∞∂ ﬁ∞ƒ∏,0,0
015ICR-14M±≥¿∞∂ ﬁ∞,46,2
015ICR-14M≤›≈∞∂ ﬁ∞,6,2
015RVM-08M±≥¿∞∂ ﬁ∞,6,0
015RVM-08M≤›≈∞∂ ﬁ∞,6,0
015RVM-10M±≥¿∞∂ ﬁ∞,0,0
015RVM-10M≤›≈∞∂ ﬁ∞,0,0
015RVM-12M±≥¿∞∂ ﬁ∞,0,0
015RVM-12M≤›≈∞∂ ﬁ∞,0,0
015RVM-14M±≥¿∞∂ ﬁ∞,11,0
015RVM-14M≤›≈∞∂ ﬁ∞,11,0
015RVM-16M±≥¿∞∂ ﬁ∞,0,0
015RVM-16M≤›≈∞∂ ﬁ∞,0,0
015œØƒ⁄Ω≥¥±≥¿∞∂ ﬁ∞,302,0
015œØƒ⁄Ω∂ ﬁ∞Õ—,3000,0
015œØƒ⁄Ωº¿±≥¿∞∂ ﬁ∞,335,0
015œØƒ⁄ΩÃßΩ≈∞1950D,28,0
015œØƒ⁄ΩÃßΩ≈∞1950HQ,36,0
015œØƒ⁄ΩÃßΩ≈∞1950Q,24,0
015œØƒ⁄ΩÃßΩ≈∞1950S,71,0
015œØƒ⁄ΩÃßΩ≈∞1950SD,32,0
015œØƒ⁄ΩÃßΩ≈∞2000D,14,0
015œØƒ⁄ΩÃßΩ≈∞2000HQ,12,0
015œØƒ⁄ΩÃßΩ≈∞2000Q,15,0
015œØƒ⁄ΩÃßΩ≈∞2000S,79,0
015œØƒ⁄ΩÃßΩ≈∞2000SD,14,0
080#182557,0,0
080#222286,0,0
080#222394,0,0
080#222601,0,0
080#222605,0,0
080#284103,0,0
080#284104,0,0
080#284162,0,0
080#284205,0,0
080#38/202,0,0
080#382012,0,0
080#382238,0,0
080182557P,0,0
08022#2286,0,0
080222600P,0,0
080222602P,0,0
080222604P,0,0
080282149P,0,0
080282525P,0,0
080284100P,0,0
080284107P,0,0
080284108P,0,0
080284109P,0,0
080284160P,0,0
080284205P,0,0
080284209P,0,0
080382207P,0,0
080382232P,0,0
080382350P,0,0
080382352P,0,0
080382439P,0,0
080382546P,0,0
080382558P,0,0
080382560P,0,0
080382567P,0,0
080382690P,0,0
080382692P,0,0
080382696P,0,0
080386174P,0,0
080386178P,0,0
080484943P,0,0
080484947P,0,0
080486009P,0,0
080488145P,0,0
080488148P,0,0
08058#2791,0,0
08058#2794,0,0
08058#2796,0,0
08058#2797,0,0
08058#2798,0,0
08068#2705,0,0
08068#2707,0,0
080L3#511,0,0
080L3#513,0,0
080L3#518,0,0
080L6#156,0,0
080L6#158,0,0
080L6#159,0,0
CH1069-02 ,0,0
CH1069-02 B,0,0
CH1069-02 B3002,0,0
CH1069-02 SN/02,0,1
CH1069-02 SN/03,0,0
CH1069-02 SP/178,0,0
CH1069-02 SP/196,0,0
CH1069-02 SP/197,0,0
CH1069-02 SP/198,0,0
CH1069-02 SP/209,0,1
CH1069-02 ±Øº≠DGY,0,0
CH1069-03 ,0,0
CH1069-03 SN/02,0,0
CH1069-03 SN/03,0,0
CH1069-03 SP/122N,0,0
CH1069-03 SP/172,-1,1
CH1069-03 SP/176,2,0
CH1069-03 SP/178,1,2
CH1069-03 SP/180,0,1
CH1069-03 SP/181,0,0
CH1069-03 SP/182,0,0
CH1069-03 SP/183,0,1
CH1069-03 SP/184,0,0
CH1069-03 SP/190,0,0
CH1069-03 SP/191,0,0
CH1069-03 SP/192,0,0
CH1069-03 SP/194,0,0
CH1069-03 SP/196,0,0
CH1069-03 SP/197,0,0
CH1069-03 SP/199,0,0
CH1069-03 SP/206,0,1
CH1069-03 SP/207,0,0
CH1069-03 SP/209,0,0
CH1069-03 ±Øº≠DGY,0,0
CH1069-03C ,0,0
CH1069-03C KAISMUS,0,0
CH1069-17 ,0,0
CH1069-17 SP/172,0,0
CH1069-17 SP/176,0,0
CH1069-17 SP/178,0,0
CH1069-17 SP/191,0,0
CH1069-17 SP/194,0,0
CH1069-17 SP/197,0,0
CH1069-17C ,0,0
CH1069-17C KAISMUS,0,0
CH1069-59 ,0,0
CH1069-59 SN/03,2,0
CH1069-59 SP/172,1,0
CH1069-59 SP/176,0,0
CH1069-59 SP/178,1,1
CH1069-59 SP/182,0,0
CH1069-59 SP/183,0,0
CH1069-59 SP/184,0,0
CH1069-59 SP/190,0,0
CH1069-59 SP/191,0,0
CH1069-59 SP/192,0,0
CH1069-59 SP/194,0,0
CH1069-59 SP/196,0,0
CH1069-59 SP/197,0,0
CH1069-59 SP/199,0,0
CH1069-59 SP/207,0,0
CH1069-59 SP/209,0,0
CH1069-59 ±Øº≠DGY,0,0
CH1069-59C ,0,0
CH1069-59C KAISMUS,0,0
CH1070-03 ,0,0
CH1070-03 SN/02,0,0
CH1070-03 SP/178,0,0
CH1070-03 SP/180,0,1
CH1070-03 SP/181,0,0
CH1070-03 SP/182,1,0
CH1070-03 SP/183,0,2
CH1070-03 SP/184,0,0
CH1070-03 SP/192,0,0
CH1070-03 SP/206,0,0
CH1070-03 SP/207,1,1
CH1070-03 SP/209,1,1
CH1070-03C ,0,0
CH1070-03C SP/183,0,0
CH1070-03L ,0,0
CH1070-03L SN/02,0,0
CH1070-03L SN/03,0,0
CH1070-03L SP/126N,0,1
CH1070-03L SP/172,0,0
CH1070-03L SP/178,0,0
CH1070-03L SP/180,2,0
CH1070-03L SP/181,0,0
CH1070-03L SP/182,3,1
CH1070-03L SP/183,2,1
CH1070-03L SP/190,0,1
CH1070-03L SP/192,0,1
CH1070-03L SP/196,0,1
CH1070-03L SP/198,0,0
CH1070-03L SP/206,1,0
CH1070-03L SP/207,0,0
CH1070-03L SP/209,0,0
CH1070-03L SP207,0,0
CH1070-03LC ,0,0
CH1070-03LC SP/181,0,0
CH1070-17 ,0,0
CH1070-17 SN/02,0,0
CH1070-17 SN/03,0,0
CH1070-17 SP/126N,0,1
CH1070-17 SP/172,6,0
CH1070-17 SP/176,-1,0
CH1070-17 SP/178,4,1
CH1070-17 SP/180,3,2
CH1070-17 SP/181,0,0
CH1070-17 SP/182,2,1
CH1070-17 SP/183,3,4
CH1070-17 SP/184,0,0
CH1070-17 SP/190,0,1
CH1070-17 SP/191,0,0
CH1070-17 SP/192,0,0
CH1070-17 SP/194,0,0
CH1070-17 SP/196,0,0
CH1070-17 SP/197,0,0
CH1070-17 SP/198,0,0
CH1070-17 SP/206,1,0
CH1070-17 SP/207,0,0
CH1070-17 SP/209,0,0
CH1070-17 ±Øº≠DGY,0,0
CH1070-17C ,0,0
CH1070-17C SP/178,0,0
CH1070-17C SP/181,0,0
CH1071-03 DB ,0,0
CH1071-03 DB SN/01,0,0
CH1071-03 DB SN/02,0,0
CH1071-03 DB SN/03,1,0
CH1071-03 DB SP/178,0,0
CH1071-03 DB SP/183,0,0
CH1071-03 DB SP/207,1,0
CH1071-03 NA ,0,0
CH1071-03 NA SN/03,0,0
CH1071-17 DB ,0,0
CH1071-17 DB SN/01,0,0
CH1071-17 DB SN/02,0,0
CH1071-17 DB SN/03,1,0
CH1071-17 DB SP/178,0,0
CH1071-17 DB SP/183,0,0
CH1071-17 DB SP/207,1,0
CH1071-17 NA ,0,0
CH1071-17 NA SN/03,0,0
CH1071-26 ,0,0
CH1071-26 SN/01,0,0
CH1071-26 SN/02,0,0
CH1071-26 SN/03,2,0
CH1071-26 SP/178,0,0
CH1071-26 SP/183,0,0
CH1071-26 SP/207,2,0
CH1071N-03 DB ,0,0
CH1071N-03 DB SN/01,0,0
CH1071N-03 DB SN/02,0,0
CH1071N-03 DB SN/03,0,0
CH1071N-03 DB SP/126N,0,0
CH1071N-03 DB SP/183,0,0
CH1071N-03 DB SP/206,0,0
CH1071N-03 NA ,0,0
CH1071N-03 NA SN/03,0,0
CH1071N-03 NA SP/180,0,0
CH1071N-03SET DB ,0,0
CH1071N-03SET DB SN/01,11,3
CH1071N-03SET DB SN/02,11,4
CH1071N-03SET DB SN/03,15,7
CH1071N-03SET DB SP/122N,0,0
CH1071N-03SET DB SP/126N,0,0
CH1071N-03SET DB SP/176,1,0
CH1071N-03SET DB SP/178,0,0
CH1071N-03SET DB SP/180,0,1
CH1071N-03SET DB SP/181,0,1
CH1071N-03SET DB SP/182,0,0
CH1071N-03SET DB SP/183,1,0
CH1071N-03SET DB SP/184,0,0
CH1071N-03SET DB SP/190,0,1
CH1071N-03SET DB SP/191,0,0
CH1071N-03SET DB SP/192,1,0
CH1071N-03SET DB SP/196,0,0
CH1071N-03SET DB SP/197,0,1
CH1071N-03SET DB SP/198,1,0
CH1071N-03SET DB SP/206,0,3
CH1071N-03SET DB SP/207,0,0
CH1071N-03SET DB SP/209,0,1
CH1071N-03SET NA ,0,0
CH1071N-03SET NA SN/01,0,0
CH1071N-03SET NA SN/02,0,0
CH1071N-03SET NA SN/03,0,0
CH1071N-03SET NA SP/178,0,0
CH1071N-03SET NA SP/182,0,0
CH1071N-03SET NA SP/191,0,0
CH1071N-03SET NA SP/192,0,0
CH1071N-03SET NA SP/195,0,0
CH1071N-03SET NA SP/207,0,0
CH1071N-03SETC ,0,0
CH1071N-03SETC SP/182,0,0
CH1071N-03SETC SP/192,0,1
CH1071N-17 DB ,0,0
CH1071N-17 DB SN/01,0,0
CH1071N-17 DB SN/02,0,0
CH1071N-17 DB SN/03,0,0
CH1071N-17 DB SP/126N,0,0
CH1071N-17 DB SP/178,0,0
CH1071N-17 DB SP/183,0,0
CH1071N-17 DB SP/206,0,0
CH1071N-17 NA ,0,0
CH1071N-17 NA SN/03,0,0
CH1071N-17 NA SP/180,0,0
CH1071N-26 ,0,0
CH1071N-26 SN/01,0,0
CH1071N-26 SN/02,0,0
CH1071N-26 SN/03,0,0
CH1071N-26 SP/126N,0,0
CH1071N-26 SP/180,0,0
CH1071N-26 SP/183,0,0
CH1071N-26 SP/206,0,0
CH1072-20 ,0,0
CH1072-20 SN/02,1,0
CH1072-20 SP/183,0,0
CH1072-20 SP/194,0,0
CH1072-20 SP/206,0,0
CH1072-20 SP/207,0,0
CH1072-20 SP/209,0,1
CH1072-20SET ,0,0
CH1072-20SET SN/02,0,1
CH1072-20SET SN/03,0,0
CH1072-20SET SP/176,0,0
CH1072-20SET SP/178,0,1
CH1072-20SET SP/181,0,1
CH1072-20SET SP/182,0,1
CH1072-20SET SP/183,1,0
CH1072-20SET SP/192,0,0
CH1072-20SET SP/194,0,0
CH1072-20SET SP/196,0,0
CH1072-20SET SP/197,0,0
CH1072-20SET SP/198,0,1
CH1072-20SET SP/199,0,0
CH1072-20SET SP/206,4,0
CH1072-20SET SP/207,8,0
CH1072-20SET SP/209,8,0
CH1072-20SETC ,0,0
CH1072-20SETC SP/178,0,0
CH1072-20SETC SP/197,0,0
CH1072-31L ,0,0
CH1072-31L SN/02,0,0
CH1072-31L SP/194,0,0
CH1072-31L SP/206,0,0
CH1072-31L SP/207,0,0
CH1072-31L SP/209,0,0
CH1072-31LSET ,0,0
CH1072-31LSET SN/01,0,0
CH1072-31LSET SN/02,0,1
CH1072-31LSET SP/180,0,0
CH1072-31LSET SP/182,0,0
CH1072-31LSET SP/183,0,0
CH1072-31LSET SP/192,0,0
CH1072-31LSET SP/194,0,0
CH1072-31LSET SP/197,0,0
CH1072-31LSET SP/198,0,0
CH1072-31LSET SP/206,10,1
CH1072-31LSET SP/207,8,1
CH1072-31LSET SP/209,11,1
CH1072-31LSETC SP/197,0,0
CH1072-32L ,0,0
CH1072-32L SN/02,1,0
CH1072-32L SP/183,0,0
CH1072-32L SP/206,-2,0
CH1072-32L SP/207,0,0
CH1072-32L SP/209,0,0
CH1072-32LSET ,0,0
CH1072-32LSET B,0,0
CH1072-32LSET B3002,-1,0
CH1072-32LSET SN/01,0,0
CH1072-32LSET SN/02,0,0
CH1072-32LSET SP/176,0,0
CH1072-32LSET SP/178,0,1
CH1072-32LSET SP/181,0,1
CH1072-32LSET SP/183,0,2
CH1072-32LSET SP/190,0,0
CH1072-32LSET SP/196,0,0
CH1072-32LSET SP/199,0,0
CH1072-32LSET SP/206,3,0
CH1072-32LSET SP/207,1,1
CH1072-32LSET SP/209,4,2
CH1072-32LSETC ,0,0
CH1072-32LSETC SP/178,0,0
CH1072-32LSETC SP/206,-1,0
CH1072-35 ,0,0
CH1072-35 SN/02,1,0
CH1072-35 SP/183,0,0
CH1072-35 SP/194,0,0
CH1072-35 SP/206,0,0
CH1072-35 SP/207,0,0
CH1072-35 SP/209,0,3
CH1072-37 ,0,0
CH1072-37 SN/02,1,0
CH1072-37 SP/183,0,0
CH1072-37 SP/194,0,0
CH1072-37 SP/206,0,0
CH1072-37 SP/207,0,1
CH1072-37 SP/209,0,0
CHY038-10F ,0,0
CHY038-10F SN/03,6,0
CHY038-14F ,0,0
CHY038-14F SN/03,9,0
CHY039-10F ,0,0
CHY039-10F SP/183,0,0
CHY039-14F ,0,0
CHY039-14F SP/183,4,0
CHY040-10F ,0,0
CHY040-10F SP/197,6,0
CHY040-14F ,0,0
CHY040-14F SP/197,5,0
